timestamp,elapsed_time,scanned_count,unscanned_count,total_count,scan_ratio,global_avg_entropy,global_scan_ratio,entropy_bins,entropy_hist,entropy_cdf,repulsion_coefficient,entropy_coefficient,distance_coefficient,leader_range_coefficient,direction_retention_coefficient,hl_action,hl_goal_x,hl_goal_y,hl_goal_z,algorithm_type,env_type,control_mode,UAV1_x,UAV1_y,UAV1_z,UAV1_roll,UAV1_pitch,UAV1_yaw,UAV2_x,UAV2_y,UAV2_z,UAV2_roll,UAV2_pitch,UAV2_yaw,UAV3_x,UAV3_y,UAV3_z,UAV3_roll,UAV3_pitch,UAV3_yaw,UAV1_battery_voltage,UAV2_battery_voltage,UAV3_battery_voltage
2026-02-04 13:29:08,1.00,4,348,352,1.14%,79.98,0.25%,"[0, 5, 10, 15, 20, 25, 30, 35, 40, 45, 50, 55, 60, 65, 70, 75, 80, 85, 90, 95, 100]","[4, 0, 0, 0, 0, 0, 0, 0, 0, 0, 0, 0, 0, 0, 0, 0, 1609, 0, 0, 0]","[0.0024798512089274642, 0.0024798512089274642, 0.0024798512089274642, 0.0024798512089274642, 0.0024798512089274642, 0.0024798512089274642, 0.0024798512089274642, 0.0024798512089274642, 0.0024798512089274642, 0.0024798512089274642, 0.0024798512089274642, 0.0024798512089274642, 0.0024798512089274642, 0.0024798512089274642, 0.0024798512089274642, 0.0024798512089274642, 1.0, 1.0, 1.0, 1.0]",4.0,2.0,2.0,2.0,2.0,,,,,hrl_dqn_apf,hierarchical,dqn,-10.000,1.559,-0.757,0.00,0.00,0.00,-14.300,1.561,-0.590,0.00,0.00,0.00,-20.110,1.561,-0.590,0.00,0.00,0.00,4.200,4.200,4.200
2026-02-04 13:29:09,2.17,4,348,352,1.14%,80.15,0.25%,"[0, 5, 10, 15, 20, 25, 30, 35, 40, 45, 50, 55, 60, 65, 70, 75, 80, 85, 90, 95, 100]","[4, 0, 0, 0, 0, 0, 0, 0, 0, 0, 0, 0, 0, 0, 0, 0, 1609, 0, 0, 0]","[0.0024798512089274642, 0.0024798512089274642, 0.0024798512089274642, 0.0024798512089274642, 0.0024798512089274642, 0.0024798512089274642, 0.0024798512089274642, 0.0024798512089274642, 0.0024798512089274642, 0.0024798512089274642, 0.0024798512089274642, 0.0024798512089274642, 0.0024798512089274642, 0.0024798512089274642, 0.0024798512089274642, 0.0024798512089274642, 1.0, 1.0, 1.0, 1.0]",4.0,2.0,2.0,2.0,2.0,,,,,hrl_dqn_apf,hierarchical,dqn,-10.000,1.559,-0.757,0.00,0.00,0.00,-14.300,1.561,-0.590,0.00,0.00,0.00,-20.110,1.561,-0.590,0.00,0.00,0.00,4.200,4.200,4.200
2026-02-04 13:29:10,3.17,4,349,353,1.13%,80.49,0.25%,"[0, 5, 10, 15, 20, 25, 30, 35, 40, 45, 50, 55, 60, 65, 70, 75, 80, 85, 90, 95, 100]","[4, 0, 0, 0, 0, 0, 0, 0, 0, 0, 0, 0, 0, 0, 0, 0, 1609, 0, 0, 0]","[0.0024798512089274642, 0.0024798512089274642, 0.0024798512089274642, 0.0024798512089274642, 0.0024798512089274642, 0.0024798512089274642, 0.0024798512089274642, 0.0024798512089274642, 0.0024798512089274642, 0.0024798512089274642, 0.0024798512089274642, 0.0024798512089274642, 0.0024798512089274642, 0.0024798512089274642, 0.0024798512089274642, 0.0024798512089274642, 1.0, 1.0, 1.0, 1.0]",4.0,2.0,2.0,2.0,2.0,,,,,hrl_dqn_apf,hierarchical,dqn,-10.000,1.559,-0.757,0.00,0.00,0.00,-14.300,1.561,-0.590,0.00,0.00,0.00,-20.110,1.561,-0.590,0.00,0.00,0.00,4.200,4.200,4.200
2026-02-04 13:29:11,4.18,4,349,353,1.13%,80.67,0.25%,"[0, 5, 10, 15, 20, 25, 30, 35, 40, 45, 50, 55, 60, 65, 70, 75, 80, 85, 90, 95, 100]","[4, 0, 0, 0, 0, 0, 0, 0, 0, 0, 0, 0, 0, 0, 0, 0, 1609, 0, 0, 0]","[0.0024798512089274642, 0.0024798512089274642, 0.0024798512089274642, 0.0024798512089274642, 0.0024798512089274642, 0.0024798512089274642, 0.0024798512089274642, 0.0024798512089274642, 0.0024798512089274642, 0.0024798512089274642, 0.0024798512089274642, 0.0024798512089274642, 0.0024798512089274642, 0.0024798512089274642, 0.0024798512089274642, 0.0024798512089274642, 1.0, 1.0, 1.0, 1.0]",4.0,2.0,2.0,2.0,2.0,,,,,hrl_dqn_apf,hierarchical,dqn,-10.000,1.559,-0.757,0.00,0.00,0.00,-14.300,1.561,-0.590,0.00,0.00,0.00,-20.110,1.561,-0.590,0.00,0.00,0.00,4.197,4.197,4.197
2026-02-04 13:29:12,5.19,4,351,355,1.13%,80.99,0.25%,"[0, 5, 10, 15, 20, 25, 30, 35, 40, 45, 50, 55, 60, 65, 70, 75, 80, 85, 90, 95, 100]","[4, 0, 0, 0, 0, 0, 1, 0, 0, 0, 0, 0, 0, 0, 0, 0, 1261, 347, 0, 0]","[0.0024798512089274642, 0.0024798512089274642, 0.0024798512089274642, 0.0024798512089274642, 0.0024798512089274642, 0.0024798512089274642, 0.0030998140111593306, 0.0030998140111593306, 0.0030998140111593306, 0.0030998140111593306, 0.0030998140111593306, 0.0030998140111593306, 0.0030998140111593306, 0.0030998140111593306, 0.0030998140111593306, 0.0030998140111593306, 0.7848729076255425, 1.0, 1.0, 1.0]",4.0,2.0,2.0,2.0,2.0,3,-11.680219999999998,8.0,-12.0,hrl_dqn_apf,hierarchical,dqn,-9.997,1.550,-0.757,0.00,0.00,0.00,-14.303,1.552,-0.590,0.00,0.00,0.00,-20.110,1.552,-0.593,0.00,0.00,0.00,4.194,4.194,4.194
2026-02-04 13:29:13,6.19,7,350,357,1.96%,81.05,0.43%,"[0, 5, 10, 15, 20, 25, 30, 35, 40, 45, 50, 55, 60, 65, 70, 75, 80, 85, 90, 95, 100]","[4, 2, 0, 1, 0, 0, 0, 0, 0, 0, 0, 0, 0, 0, 0, 0, 1261, 345, 0, 0]","[0.0024798512089274642, 0.0037197768133911966, 0.0037197768133911966, 0.0043397396156230625, 0.0043397396156230625, 0.0043397396156230625, 0.0043397396156230625, 0.0043397396156230625, 0.0043397396156230625, 0.0043397396156230625, 0.0043397396156230625, 0.0043397396156230625, 0.0043397396156230625, 0.0043397396156230625, 0.0043397396156230625, 0.0043397396156230625, 0.7861128332300062, 1.0, 1.0, 1.0]",4.0,2.0,2.0,2.0,2.0,3,-11.680219999999998,8.0,-12.0,hrl_dqn_apf,hierarchical,dqn,-9.080,1.503,-0.794,0.00,0.00,0.00,-15.228,1.506,-0.553,0.00,0.00,0.00,-20.110,1.506,-1.511,0.00,0.00,0.00,4.191,4.191,4.191
2026-02-04 13:29:14,7.46,7,354,361,1.94%,81.18,0.43%,"[0, 5, 10, 15, 20, 25, 30, 35, 40, 45, 50, 55, 60, 65, 70, 75, 80, 85, 90, 95, 100]","[6, 1, 0, 0, 0, 0, 0, 1, 0, 0, 0, 0, 0, 0, 0, 0, 1261, 344, 0, 0]","[0.0037197768133911966, 0.0043397396156230625, 0.0043397396156230625, 0.0043397396156230625, 0.0043397396156230625, 0.0043397396156230625, 0.0043397396156230625, 0.0049597024178549285, 0.0049597024178549285, 0.0049597024178549285, 0.0049597024178549285, 0.0049597024178549285, 0.0049597024178549285, 0.0049597024178549285, 0.0049597024178549285, 0.0049597024178549285, 0.7867327960322381, 1.0, 1.0, 1.0]",4.0,2.0,2.0,2.0,2.0,3,-11.519200000000001,8.0,-12.0,hrl_dqn_apf,hierarchical,dqn,-8.452,1.757,-0.819,0.00,0.00,0.00,-15.856,1.760,-0.528,0.00,0.00,0.00,-20.110,1.516,-1.967,0.00,0.00,0.00,4.187,4.187,4.187
2026-02-04 13:29:15,8.46,12,351,363,3.31%,81.28,0.74%,"[0, 5, 10, 15, 20, 25, 30, 35, 40, 45, 50, 55, 60, 65, 70, 75, 80, 85, 90, 95, 100]","[11, 1, 0, 0, 0, 0, 0, 0, 0, 0, 0, 1, 0, 0, 0, 0, 1260, 340, 0, 0]","[0.006819590824550527, 0.007439553626782393, 0.007439553626782393, 0.007439553626782393, 0.007439553626782393, 0.007439553626782393, 0.007439553626782393, 0.007439553626782393, 0.007439553626782393, 0.007439553626782393, 0.007439553626782393, 0.008059516429014259, 0.008059516429014259, 0.008059516429014259, 0.008059516429014259, 0.008059516429014259, 0.7892126472411656, 1.0, 1.0, 1.0]",4.0,2.0,2.0,2.0,2.0,3,-11.35868,8.0,-12.0,hrl_dqn_apf,hierarchical,dqn,-8.112,2.407,-0.833,0.00,0.00,0.00,-15.958,2.067,-0.431,0.00,0.00,0.00,-20.351,1.451,-2.949,0.00,0.00,0.00,4.184,4.184,4.184
2026-02-04 13:29:16,9.47,13,352,365,3.56%,81.42,0.81%,"[0, 5, 10, 15, 20, 25, 30, 35, 40, 45, 50, 55, 60, 65, 70, 75, 80, 85, 90, 95, 100]","[12, 1, 0, 0, 0, 0, 0, 0, 0, 0, 0, 0, 0, 0, 0, 0, 1258, 342, 0, 0]","[0.007439553626782393, 0.008059516429014259, 0.008059516429014259, 0.008059516429014259, 0.008059516429014259, 0.008059516429014259, 0.008059516429014259, 0.008059516429014259, 0.008059516429014259, 0.008059516429014259, 0.008059516429014259, 0.008059516429014259, 0.008059516429014259, 0.008059516429014259, 0.008059516429014259, 0.008059516429014259, 0.7879727216367018, 1.0, 1.0, 1.0]",4.0,2.0,2.0,2.0,2.0,3,-11.35868,8.0,-12.0,hrl_dqn_apf,hierarchical,dqn,-8.088,2.786,-0.834,0.00,0.00,0.00,-15.543,2.373,-0.279,0.00,0.00,0.00,-20.788,1.749,-3.198,0.00,0.00,0.00,4.181,4.181,4.181
2026-02-04 13:29:17,10.47,14,355,369,3.79%,81.56,0.87%,"[0, 5, 10, 15, 20, 25, 30, 35, 40, 45, 50, 55, 60, 65, 70, 75, 80, 85, 90, 95, 100]","[11, 2, 1, 0, 0, 0, 0, 0, 0, 0, 0, 0, 0, 0, 0, 0, 1256, 7, 336, 0]","[0.006819590824550527, 0.008059516429014259, 0.008679479231246125, 0.008679479231246125, 0.008679479231246125, 0.008679479231246125, 0.008679479231246125, 0.008679479231246125, 0.008679479231246125, 0.008679479231246125, 0.008679479231246125, 0.008679479231246125, 0.008679479231246125, 0.008679479231246125, 0.008679479231246125, 0.008679479231246125, 0.78735275883447, 0.791692498450093, 1.0, 1.0]",4.0,2.0,2.0,2.0,2.0,9,-5.19819,8.0,-6.0,hrl_dqn_apf,hierarchical,dqn,-8.080,3.166,-0.835,0.00,0.00,0.00,-15.379,2.767,-0.220,0.00,0.00,0.00,-20.958,2.146,-3.285,0.00,0.00,0.00,4.178,4.178,4.178
2026-02-04 13:29:18,11.47,14,355,369,3.79%,81.73,0.87%,"[0, 5, 10, 15, 20, 25, 30, 35, 40, 45, 50, 55, 60, 65, 70, 75, 80, 85, 90, 95, 100]","[10, 3, 1, 0, 0, 0, 0, 0, 0, 0, 0, 0, 0, 0, 0, 0, 1256, 7, 336, 0]","[0.006199628022318661, 0.008059516429014259, 0.008679479231246125, 0.008679479231246125, 0.008679479231246125, 0.008679479231246125, 0.008679479231246125, 0.008679479231246125, 0.008679479231246125, 0.008679479231246125, 0.008679479231246125, 0.008679479231246125, 0.008679479231246125, 0.008679479231246125, 0.008679479231246125, 0.008679479231246125, 0.78735275883447, 0.791692498450093, 1.0, 1.0]",4.0,2.0,2.0,2.0,2.0,17,-17.03804,8.0,6.0,hrl_dqn_apf,hierarchical,dqn,-8.078,3.560,-0.835,0.00,0.00,0.00,-15.325,3.164,-0.200,0.00,0.00,0.00,-21.014,2.544,-3.313,0.00,0.00,0.00,4.175,4.175,4.175
2026-02-04 13:29:19,12.48,14,355,369,3.79%,82.09,0.87%,"[0, 5, 10, 15, 20, 25, 30, 35, 40, 45, 50, 55, 60, 65, 70, 75, 80, 85, 90, 95, 100]","[8, 5, 1, 0, 0, 0, 0, 0, 0, 0, 0, 0, 0, 0, 0, 0, 1250, 12, 337, 0]","[0.0049597024178549285, 0.008059516429014259, 0.008679479231246125, 0.008679479231246125, 0.008679479231246125, 0.008679479231246125, 0.008679479231246125, 0.008679479231246125, 0.008679479231246125, 0.008679479231246125, 0.008679479231246125, 0.008679479231246125, 0.008679479231246125, 0.008679479231246125, 0.008679479231246125, 0.008679479231246125, 0.7836329820210788, 0.7910725356478612, 1.0, 1.0]",4.0,2.0,2.0,2.0,2.0,17,-17.03804,8.0,6.0,hrl_dqn_apf,hierarchical,dqn,-8.077,4.337,-0.835,0.00,0.00,0.00,-15.303,3.944,-0.192,0.00,0.00,0.00,-21.036,3.324,-3.325,0.00,0.00,0.00,4.172,4.172,4.172
2026-02-04 13:29:20,13.48,14,357,371,3.77%,82.28,0.87%,"[0, 5, 10, 15, 20, 25, 30, 35, 40, 45, 50, 55, 60, 65, 70, 75, 80, 85, 90, 95, 100]","[7, 6, 1, 0, 0, 0, 0, 0, 0, 0, 0, 0, 0, 0, 0, 0, 1248, 14, 337, 0]","[0.0043397396156230625, 0.008059516429014259, 0.008679479231246125, 0.008679479231246125, 0.008679479231246125, 0.008679479231246125, 0.008679479231246125, 0.008679479231246125, 0.008679479231246125, 0.008679479231246125, 0.008679479231246125, 0.008679479231246125, 0.008679479231246125, 0.008679479231246125, 0.008679479231246125, 0.008679479231246125, 0.782393056416615, 0.7910725356478612, 1.0, 1.0]",4.0,2.0,2.0,2.0,2.0,13,-10.878060000000001,8.0,0.0,hrl_dqn_apf,hierarchical,dqn,-8.077,4.734,-0.835,0.00,0.00,0.00,-15.302,4.341,-0.191,0.00,0.00,0.00,-21.038,3.721,-3.325,0.00,0.00,0.00,4.169,4.169,4.169
2026-02-04 13:29:21,14.48,14,359,373,3.75%,82.46,0.87%,"[0, 5, 10, 15, 20, 25, 30, 35, 40, 45, 50, 55, 60, 65, 70, 75, 80, 85, 90, 95, 100]","[5, 8, 1, 0, 0, 0, 0, 0, 0, 0, 0, 0, 0, 0, 0, 0, 1246, 14, 339, 0]","[0.0030998140111593306, 0.008059516429014259, 0.008679479231246125, 0.008679479231246125, 0.008679479231246125, 0.008679479231246125, 0.008679479231246125, 0.008679479231246125, 0.008679479231246125, 0.008679479231246125, 0.008679479231246125, 0.008679479231246125, 0.008679479231246125, 0.008679479231246125, 0.008679479231246125, 0.008679479231246125, 0.7811531308121513, 0.7898326100433974, 1.0, 1.0]",4.0,2.0,2.0,2.0,2.0,18,-10.71755,8.0,6.0,hrl_dqn_apf,hierarchical,dqn,-8.077,5.128,-0.835,0.00,0.00,0.00,-15.301,4.735,-0.191,0.00,0.00,0.00,-21.038,4.115,-3.326,0.00,0.00,0.00,4.166,4.166,4.166
2026-02-04 13:29:22,15.49,14,359,373,3.75%,82.64,0.87%,"[0, 5, 10, 15, 20, 25, 30, 35, 40, 45, 50, 55, 60, 65, 70, 75, 80, 85, 90, 95, 100]","[3, 10, 0, 1, 0, 0, 0, 0, 0, 0, 0, 0, 0, 0, 0, 0, 1242, 16, 7, 334]","[0.0018598884066955983, 0.008059516429014259, 0.008059516429014259, 0.008679479231246125, 0.008679479231246125, 0.008679479231246125, 0.008679479231246125, 0.008679479231246125, 0.008679479231246125, 0.008679479231246125, 0.008679479231246125, 0.008679479231246125, 0.008679479231246125, 0.008679479231246125, 0.008679479231246125, 0.008679479231246125, 0.7786732796032239, 0.7885926844389337, 0.7929324240545568, 1.0]",4.0,2.0,2.0,2.0,2.0,18,-10.71755,8.0,6.0,hrl_dqn_apf,hierarchical,dqn,-8.077,5.525,-0.835,0.00,0.00,0.00,-15.301,5.132,-0.191,0.00,0.00,0.00,-21.038,4.512,-3.326,0.00,0.00,0.00,4.163,4.163,4.163
2026-02-04 13:29:23,16.49,14,360,374,3.74%,83.02,0.87%,"[0, 5, 10, 15, 20, 25, 30, 35, 40, 45, 50, 55, 60, 65, 70, 75, 80, 85, 90, 95, 100]","[3, 7, 3, 1, 0, 0, 0, 0, 0, 0, 0, 0, 0, 0, 0, 0, 1242, 14, 9, 334]","[0.0018598884066955983, 0.006199628022318661, 0.008059516429014259, 0.008679479231246125, 0.008679479231246125, 0.008679479231246125, 0.008679479231246125, 0.008679479231246125, 0.008679479231246125, 0.008679479231246125, 0.008679479231246125, 0.008679479231246125, 0.008679479231246125, 0.008679479231246125, 0.008679479231246125, 0.008679479231246125, 0.7786732796032239, 0.78735275883447, 0.7929324240545568, 1.0]",4.0,2.0,2.0,2.0,2.0,9,-4.557390000000002,8.0,-6.0,hrl_dqn_apf,hierarchical,dqn,-8.077,6.327,-0.835,0.00,0.00,0.00,-15.301,5.934,-0.191,0.00,0.00,0.00,-21.038,5.314,-3.326,0.00,0.00,0.00,4.160,4.160,4.160
2026-02-04 13:29:24,17.50,14,360,374,3.74%,83.19,0.87%,"[0, 5, 10, 15, 20, 25, 30, 35, 40, 45, 50, 55, 60, 65, 70, 75, 80, 85, 90, 95, 100]","[3, 5, 5, 1, 0, 0, 0, 0, 0, 0, 0, 0, 0, 0, 0, 1, 1242, 10, 12, 334]","[0.0018598884066955983, 0.0049597024178549285, 0.008059516429014259, 0.008679479231246125, 0.008679479231246125, 0.008679479231246125, 0.008679479231246125, 0.008679479231246125, 0.008679479231246125, 0.008679479231246125, 0.008679479231246125, 0.008679479231246125, 0.008679479231246125, 0.008679479231246125, 0.008679479231246125, 0.009299442033477991, 0.7792932424054557, 0.7854928704277744, 0.7929324240545568, 1.0]",4.0,2.0,2.0,2.0,2.0,9,-4.557390000000002,8.0,-6.0,hrl_dqn_apf,hierarchical,dqn,-8.077,6.439,-0.691,0.00,0.00,0.00,-15.301,6.331,-0.191,0.00,0.00,0.00,-21.038,5.711,-3.326,0.00,0.00,0.00,4.157,4.157,4.157
2026-02-04 13:29:25,18.50,15,361,376,3.99%,83.33,0.93%,"[0, 5, 10, 15, 20, 25, 30, 35, 40, 45, 50, 55, 60, 65, 70, 75, 80, 85, 90, 95, 100]","[4, 4, 6, 1, 0, 0, 0, 0, 0, 0, 0, 0, 0, 0, 0, 0, 1240, 10, 14, 334]","[0.0024798512089274642, 0.0049597024178549285, 0.008679479231246125, 0.009299442033477991, 0.009299442033477991, 0.009299442033477991, 0.009299442033477991, 0.009299442033477991, 0.009299442033477991, 0.009299442033477991, 0.009299442033477991, 0.009299442033477991, 0.009299442033477991, 0.009299442033477991, 0.009299442033477991, 0.009299442033477991, 0.778053316800992, 0.7842529448233106, 0.7929324240545568, 1.0]",4.0,2.0,2.0,2.0,2.0,6,-22.39735,8.0,-6.0,hrl_dqn_apf,hierarchical,dqn,-8.077,6.440,-0.149,0.00,0.00,0.00,-15.246,6.546,-0.191,0.00,0.00,0.00,-21.038,6.107,-3.326,0.00,0.00,0.00,4.154,4.154,4.154
2026-02-04 13:29:26,19.50,15,363,378,3.97%,83.51,0.93%,"[0, 5, 10, 15, 20, 25, 30, 35, 40, 45, 50, 55, 60, 65, 70, 75, 80, 85, 90, 95, 100]","[4, 2, 8, 1, 0, 0, 0, 0, 0, 0, 0, 0, 0, 0, 0, 0, 1236, 14, 12, 336]","[0.0024798512089274642, 0.0037197768133911966, 0.008679479231246125, 0.009299442033477991, 0.009299442033477991, 0.009299442033477991, 0.009299442033477991, 0.009299442033477991, 0.009299442033477991, 0.009299442033477991, 0.009299442033477991, 0.009299442033477991, 0.009299442033477991, 0.009299442033477991, 0.009299442033477991, 0.009299442033477991, 0.7755734655920645, 0.7842529448233106, 0.791692498450093, 1.0]",4.0,2.0,2.0,2.0,2.0,10,-28.23509,8.0,0.0,hrl_dqn_apf,hierarchical,dqn,-8.099,6.455,0.548,0.00,0.00,0.00,-14.776,6.555,-0.191,0.00,0.00,0.00,-21.038,6.412,-3.340,0.00,0.00,0.00,4.151,4.151,4.151
2026-02-04 13:29:27,20.51,16,364,380,4.21%,83.75,0.99%,"[0, 5, 10, 15, 20, 25, 30, 35, 40, 45, 50, 55, 60, 65, 70, 75, 80, 85, 90, 95, 100]","[6, 0, 8, 1, 1, 0, 0, 0, 1, 0, 0, 0, 1, 0, 0, 0, 1236, 8, 16, 335]","[0.0037197768133911966, 0.0037197768133911966, 0.008679479231246125, 0.009299442033477991, 0.009919404835709857, 0.009919404835709857, 0.009919404835709857, 0.009919404835709857, 0.010539367637941723, 0.010539367637941723, 0.010539367637941723, 0.010539367637941723, 0.011159330440173589, 0.011159330440173589, 0.011159330440173589, 0.011159330440173589, 0.7774333539987601, 0.782393056416615, 0.7923124612523249, 1.0]",4.0,2.0,2.0,2.0,2.0,10,-28.23509,8.0,0.0,hrl_dqn_apf,hierarchical,dqn,-9.124,6.515,1.029,0.00,0.00,0.00,-13.878,6.691,-0.191,0.00,0.00,0.00,-21.038,6.426,-4.339,0.00,0.00,0.00,4.148,4.148,4.148
2026-02-04 13:29:28,21.51,17,365,382,4.45%,83.89,1.05%,"[0, 5, 10, 15, 20, 25, 30, 35, 40, 45, 50, 55, 60, 65, 70, 75, 80, 85, 90, 95, 100]","[7, 0, 7, 2, 1, 0, 0, 0, 0, 1, 0, 0, 0, 0, 1, 0, 1235, 9, 16, 334]","[0.0043397396156230625, 0.0043397396156230625, 0.008679479231246125, 0.009919404835709857, 0.010539367637941723, 0.010539367637941723, 0.010539367637941723, 0.010539367637941723, 0.010539367637941723, 0.011159330440173589, 0.011159330440173589, 0.011159330440173589, 0.011159330440173589, 0.011159330440173589, 0.011779293242405457, 0.011779293242405457, 0.7774333539987601, 0.7830130192188469, 0.7929324240545568, 1.0]",4.0,2.0,2.0,2.0,2.0,15,-28.075,8.0,6.0,hrl_dqn_apf,hierarchical,dqn,-9.868,6.513,1.066,0.00,0.00,0.00,-14.326,6.717,-0.191,0.00,0.00,0.00,-21.038,6.420,-5.080,0.00,0.00,0.00,4.145,4.145,4.145
2026-02-04 13:29:29,22.52,18,366,384,4.69%,84.00,1.12%,"[0, 5, 10, 15, 20, 25, 30, 35, 40, 45, 50, 55, 60, 65, 70, 75, 80, 85, 90, 95, 100]","[8, 0, 6, 3, 1, 0, 0, 0, 0, 2, 0, 0, 0, 0, 0, 0, 1235, 9, 10, 339]","[0.0049597024178549285, 0.0049597024178549285, 0.008679479231246125, 0.010539367637941723, 0.011159330440173589, 0.011159330440173589, 0.011159330440173589, 0.011159330440173589, 0.011159330440173589, 0.012399256044637322, 0.012399256044637322, 0.012399256044637322, 0.012399256044637322, 0.012399256044637322, 0.012399256044637322, 0.012399256044637322, 0.778053316800992, 0.7836329820210788, 0.7898326100433974, 1.0]",4.0,2.0,2.0,2.0,2.0,11,-21.915860000000002,8.0,0.0,hrl_dqn_apf,hierarchical,dqn,-10.461,6.592,1.097,0.00,0.00,0.00,-14.984,6.727,-0.207,0.00,0.00,0.00,-21.038,6.505,-5.686,0.00,0.00,0.00,4.142,4.142,4.142
2026-02-04 13:29:30,23.52,19,365,384,4.95%,84.15,1.18%,"[0, 5, 10, 15, 20, 25, 30, 35, 40, 45, 50, 55, 60, 65, 70, 75, 80, 85, 90, 95, 100]","[8, 1, 5, 4, 1, 0, 0, 0, 0, 1, 0, 0, 0, 0, 0, 0, 1233, 11, 8, 341]","[0.0049597024178549285, 0.005579665220086794, 0.008679479231246125, 0.011159330440173589, 0.011779293242405457, 0.011779293242405457, 0.011779293242405457, 0.011779293242405457, 0.011779293242405457, 0.012399256044637322, 0.012399256044637322, 0.012399256044637322, 0.012399256044637322, 0.012399256044637322, 0.012399256044637322, 0.012399256044637322, 0.7768133911965283, 0.7836329820210788, 0.7885926844389337, 1.0]",4.0,2.0,2.0,2.0,2.0,11,-21.915860000000002,8.0,0.0,hrl_dqn_apf,hierarchical,dqn,-10.288,6.655,1.232,0.00,0.00,0.00,-15.703,6.742,-0.333,0.00,0.00,0.00,-21.038,6.591,-5.515,0.00,0.00,0.00,4.139,4.139,4.139
2026-02-04 13:29:31,24.53,19,369,388,4.90%,84.49,1.18%,"[0, 5, 10, 15, 20, 25, 30, 35, 40, 45, 50, 55, 60, 65, 70, 75, 80, 85, 90, 95, 100]","[9, 2, 0, 7, 0, 1, 0, 0, 0, 1, 0, 0, 1, 0, 0, 0, 1231, 7, 10, 344]","[0.005579665220086794, 0.006819590824550527, 0.006819590824550527, 0.011159330440173589, 0.011159330440173589, 0.011779293242405457, 0.011779293242405457, 0.011779293242405457, 0.011779293242405457, 0.012399256044637322, 0.012399256044637322, 0.012399256044637322, 0.013019218846869188, 0.013019218846869188, 0.013019218846869188, 0.013019218846869188, 0.7761934283942964, 0.7805331680099195, 0.7867327960322381, 1.0]",4.0,2.0,2.0,2.0,2.0,8,-9.75438,8.0,-6.0,hrl_dqn_apf,hierarchical,dqn,-9.289,6.739,1.285,0.00,0.00,0.00,-17.175,6.749,-0.662,0.00,0.00,0.00,-21.038,6.594,-4.213,0.00,0.00,0.00,4.136,4.136,4.136
2026-02-04 13:29:32,25.53,20,368,388,5.15%,84.64,1.24%,"[0, 5, 10, 15, 20, 25, 30, 35, 40, 45, 50, 55, 60, 65, 70, 75, 80, 85, 90, 95, 100]","[10, 2, 0, 6, 1, 1, 0, 0, 0, 1, 0, 0, 0, 0, 0, 0, 1231, 7, 8, 346]","[0.006199628022318661, 0.007439553626782393, 0.007439553626782393, 0.011159330440173589, 0.011779293242405457, 0.012399256044637322, 0.012399256044637322, 0.012399256044637322, 0.012399256044637322, 0.013019218846869188, 0.013019218846869188, 0.013019218846869188, 0.013019218846869188, 0.013019218846869188, 0.013019218846869188, 0.013019218846869188, 0.7761934283942964, 0.7805331680099195, 0.7854928704277744, 1.0]",4.0,2.0,2.0,2.0,2.0,19,-3.5943000000000005,8.0,6.0,hrl_dqn_apf,hierarchical,dqn,-9.143,6.753,0.720,0.00,0.00,0.00,-17.638,6.875,-0.709,0.00,0.00,0.00,-21.038,6.591,-3.466,0.00,0.00,0.00,4.133,4.133,4.133
2026-02-04 13:29:33,26.53,20,368,388,5.15%,84.80,1.24%,"[0, 5, 10, 15, 20, 25, 30, 35, 40, 45, 50, 55, 60, 65, 70, 75, 80, 85, 90, 95, 100]","[13, 1, 0, 4, 2, 0, 0, 0, 0, 0, 1, 0, 0, 0, 0, 0, 1225, 12, 9, 346]","[0.008059516429014259, 0.008679479231246125, 0.008679479231246125, 0.011159330440173589, 0.012399256044637322, 0.012399256044637322, 0.012399256044637322, 0.012399256044637322, 0.012399256044637322, 0.012399256044637322, 0.013019218846869188, 0.013019218846869188, 0.013019218846869188, 0.013019218846869188, 0.013019218846869188, 0.013019218846869188, 0.7724736515809052, 0.7799132052076876, 0.7854928704277744, 1.0]",4.0,2.0,2.0,2.0,2.0,19,-3.5943000000000005,8.0,6.0,hrl_dqn_apf,hierarchical,dqn,-9.098,6.751,0.012,0.00,0.00,0.00,-17.333,6.943,-0.685,0.00,0.00,0.00,-21.092,6.648,-2.817,0.00,0.00,0.00,4.130,4.130,4.130
2026-02-04 13:29:34,27.54,20,368,388,5.15%,84.98,1.24%,"[0, 5, 10, 15, 20, 25, 30, 35, 40, 45, 50, 55, 60, 65, 70, 75, 80, 85, 90, 95, 100]","[13, 2, 0, 3, 2, 0, 0, 0, 0, 0, 1, 0, 0, 0, 0, 0, 1223, 14, 9, 346]","[0.008059516429014259, 0.009299442033477991, 0.009299442033477991, 0.011159330440173589, 0.012399256044637322, 0.012399256044637322, 0.012399256044637322, 0.012399256044637322, 0.012399256044637322, 0.012399256044637322, 0.013019218846869188, 0.013019218846869188, 0.013019218846869188, 0.013019218846869188, 0.013019218846869188, 0.013019218846869188, 0.7712337259764415, 0.7799132052076876, 0.7854928704277744, 1.0]",4.0,2.0,2.0,2.0,2.0,19,-3.4340600000000006,8.0,6.0,hrl_dqn_apf,hierarchical,dqn,-9.084,6.748,-0.734,0.00,0.00,0.00,-16.799,6.977,-0.399,0.00,0.00,0.00,-21.459,6.690,-2.813,0.00,0.00,0.00,4.127,4.127,4.127
2026-02-04 13:29:35,28.54,21,369,390,5.38%,85.26,1.30%,"[0, 5, 10, 15, 20, 25, 30, 35, 40, 45, 50, 55, 60, 65, 70, 75, 80, 85, 90, 95, 100]","[12, 3, 1, 1, 4, 0, 0, 0, 0, 0, 2, 0, 0, 0, 0, 0, 1219, 14, 7, 350]","[0.007439553626782393, 0.009299442033477991, 0.009919404835709857, 0.010539367637941723, 0.013019218846869188, 0.013019218846869188, 0.013019218846869188, 0.013019218846869188, 0.013019218846869188, 0.013019218846869188, 0.01425914445133292, 0.01425914445133292, 0.01425914445133292, 0.01425914445133292, 0.01425914445133292, 0.01425914445133292, 0.7699938003719777, 0.7786732796032239, 0.7830130192188469, 1.0]",4.0,2.0,2.0,2.0,2.0,12,-15.19356,8.0,0.0,hrl_dqn_apf,hierarchical,dqn,-9.078,6.760,-1.873,0.00,0.00,0.00,-15.529,7.009,0.237,0.00,0.00,0.00,-22.177,6.794,-3.325,0.00,0.00,0.00,4.124,4.124,4.124
2026-02-04 13:29:36,29.55,21,369,390,5.38%,85.37,1.30%,"[0, 5, 10, 15, 20, 25, 30, 35, 40, 45, 50, 55, 60, 65, 70, 75, 80, 85, 90, 95, 100]","[10, 5, 1, 0, 5, 0, 1, 1, 0, 0, 1, 0, 0, 1, 0, 0, 1217, 16, 7, 348]","[0.006199628022318661, 0.009299442033477991, 0.009919404835709857, 0.009919404835709857, 0.013019218846869188, 0.013019218846869188, 0.013639181649101054, 0.01425914445133292, 0.01425914445133292, 0.01425914445133292, 0.014879107253564786, 0.014879107253564786, 0.014879107253564786, 0.015499070055796652, 0.015499070055796652, 0.015499070055796652, 0.7699938003719777, 0.7799132052076876, 0.7842529448233106, 1.0]",4.0,2.0,2.0,2.0,2.0,12,-15.19356,8.0,0.0,hrl_dqn_apf,hierarchical,dqn,-9.078,6.763,-2.502,0.00,0.00,0.00,-14.794,7.008,0.329,0.00,0.00,0.00,-21.722,6.821,-3.407,0.00,0.00,0.00,4.121,4.121,4.121
2026-02-04 13:29:37,30.56,22,369,391,5.63%,85.50,1.36%,"[0, 5, 10, 15, 20, 25, 30, 35, 40, 45, 50, 55, 60, 65, 70, 75, 80, 85, 90, 95, 100]","[11, 5, 1, 0, 5, 0, 0, 1, 0, 0, 2, 0, 1, 0, 0, 0, 1217, 16, 7, 347]","[0.006819590824550527, 0.009919404835709857, 0.010539367637941723, 0.010539367637941723, 0.013639181649101054, 0.013639181649101054, 0.013639181649101054, 0.01425914445133292, 0.01425914445133292, 0.01425914445133292, 0.015499070055796652, 0.015499070055796652, 0.016119032858028518, 0.016119032858028518, 0.016119032858028518, 0.016119032858028518, 0.7706137631742096, 0.7805331680099195, 0.7848729076255425, 1.0]",4.0,2.0,2.0,2.0,2.0,24,-3.11346,8.0,12.0,hrl_dqn_apf,hierarchical,dqn,-9.078,6.761,-3.234,0.00,0.00,0.00,-14.170,7.095,0.357,0.00,0.00,0.00,-21.040,6.821,-3.433,0.00,0.00,0.00,4.118,4.118,4.118
2026-02-04 13:29:38,31.57,23,368,391,5.88%,85.64,1.43%,"[0, 5, 10, 15, 20, 25, 30, 35, 40, 45, 50, 55, 60, 65, 70, 75, 80, 85, 90, 95, 100]","[12, 6, 1, 0, 2, 2, 0, 1, 0, 0, 0, 2, 0, 0, 0, 0, 1217, 10, 12, 348]","[0.007439553626782393, 0.011159330440173589, 0.011779293242405457, 0.011779293242405457, 0.013019218846869188, 0.01425914445133292, 0.01425914445133292, 0.014879107253564786, 0.014879107253564786, 0.014879107253564786, 0.014879107253564786, 0.016119032858028518, 0.016119032858028518, 0.016119032858028518, 0.016119032858028518, 0.016119032858028518, 0.7706137631742096, 0.7768133911965283, 0.7842529448233106, 1.0]",4.0,2.0,2.0,2.0,2.0,7,-15.03306,8.0,-6.0,hrl_dqn_apf,hierarchical,dqn,-9.098,6.779,-3.965,0.00,0.00,0.00,-14.344,7.181,0.366,0.00,0.00,0.00,-20.303,6.818,-3.440,0.00,0.00,0.00,4.115,4.115,4.115
2026-02-04 13:29:39,32.57,24,371,395,6.08%,85.91,1.49%,"[0, 5, 10, 15, 20, 25, 30, 35, 40, 45, 50, 55, 60, 65, 70, 75, 80, 85, 90, 95, 100]","[9, 9, 2, 0, 1, 3, 0, 2, 0, 0, 0, 2, 0, 0, 0, 0, 1211, 14, 14, 346]","[0.005579665220086794, 0.011159330440173589, 0.012399256044637322, 0.012399256044637322, 0.013019218846869188, 0.014879107253564786, 0.014879107253564786, 0.016119032858028518, 0.016119032858028518, 0.016119032858028518, 0.016119032858028518, 0.01735895846249225, 0.01735895846249225, 0.01735895846249225, 0.01735895846249225, 0.01735895846249225, 0.7681339119652821, 0.7768133911965283, 0.7854928704277744, 1.0]",4.0,2.0,2.0,2.0,2.0,7,-15.03306,8.0,-6.0,hrl_dqn_apf,hierarchical,dqn,-10.119,6.845,-4.378,0.00,0.00,0.00,-15.648,7.184,0.369,0.00,0.00,0.00,-18.788,6.811,-3.444,0.00,0.00,0.00,4.112,4.112,4.112
2026-02-04 13:29:40,33.57,25,370,395,6.33%,86.01,1.55%,"[0, 5, 10, 15, 20, 25, 30, 35, 40, 45, 50, 55, 60, 65, 70, 75, 80, 85, 90, 95, 100]","[10, 8, 2, 1, 0, 4, 0, 1, 0, 0, 0, 2, 0, 1, 1, 0, 1211, 10, 16, 346]","[0.006199628022318661, 0.011159330440173589, 0.012399256044637322, 0.013019218846869188, 0.013019218846869188, 0.015499070055796652, 0.015499070055796652, 0.016119032858028518, 0.016119032858028518, 0.016119032858028518, 0.016119032858028518, 0.01735895846249225, 0.01735895846249225, 0.017978921264724116, 0.018598884066955982, 0.018598884066955982, 0.7693738375697459, 0.7755734655920645, 0.7854928704277744, 1.0]",4.0,2.0,2.0,2.0,2.0,8,-8.87289,8.0,-6.0,hrl_dqn_apf,hierarchical,dqn,-10.848,6.843,-4.379,0.00,0.00,0.00,-16.094,7.309,0.370,0.00,0.00,0.00,-18.028,6.808,-3.444,0.00,0.00,0.00,4.110,4.110,4.110
2026-02-04 13:29:41,34.57,27,366,393,6.87%,86.12,1.67%,"[0, 5, 10, 15, 20, 25, 30, 35, 40, 45, 50, 55, 60, 65, 70, 75, 80, 85, 90, 95, 100]","[10, 7, 4, 1, 1, 4, 0, 0, 1, 0, 0, 2, 0, 0, 1, 0, 1211, 8, 16, 347]","[0.006199628022318661, 0.010539367637941723, 0.013019218846869188, 0.013639181649101054, 0.01425914445133292, 0.016738995660260384, 0.016738995660260384, 0.016738995660260384, 0.01735895846249225, 0.01735895846249225, 0.01735895846249225, 0.018598884066955982, 0.018598884066955982, 0.018598884066955982, 0.019218846869187848, 0.019218846869187848, 0.7699938003719777, 0.7749535027898327, 0.7848729076255425, 1.0]",4.0,2.0,2.0,2.0,2.0,8,-8.87289,8.0,-6.0,hrl_dqn_apf,hierarchical,dqn,-11.603,6.840,-4.380,0.00,0.00,0.00,-15.767,7.359,0.370,0.00,0.00,0.00,-17.265,6.805,-3.444,0.00,0.00,0.00,4.200,4.200,4.200
2026-02-04 13:29:42,35.57,27,372,399,6.77%,86.23,1.67%,"[0, 5, 10, 15, 20, 25, 30, 35, 40, 45, 50, 55, 60, 65, 70, 75, 80, 85, 90, 95, 100]","[10, 7, 5, 1, 0, 4, 0, 0, 1, 0, 1, 2, 0, 0, 1, 1, 1210, 9, 17, 344]","[0.006199628022318661, 0.010539367637941723, 0.013639181649101054, 0.01425914445133292, 0.01425914445133292, 0.016738995660260384, 0.016738995660260384, 0.016738995660260384, 0.01735895846249225, 0.01735895846249225, 0.017978921264724116, 0.019218846869187848, 0.019218846869187848, 0.019218846869187848, 0.019838809671419714, 0.02045877247365158, 0.7706137631742096, 0.7761934283942964, 0.7867327960322381, 1.0]",4.0,2.0,2.0,2.0,2.0,8,-8.87289,8.0,-6.0,hrl_dqn_apf,hierarchical,dqn,-12.360,6.774,-4.380,0.00,0.00,0.00,-15.135,7.297,0.370,0.00,0.00,0.00,-16.505,6.741,-3.444,0.00,0.00,0.00,4.200,4.200,4.200
2026-02-04 13:29:43,36.58,27,372,399,6.77%,86.44,1.67%,"[0, 5, 10, 15, 20, 25, 30, 35, 40, 45, 50, 55, 60, 65, 70, 75, 80, 85, 90, 95, 100]","[11, 6, 7, 1, 0, 2, 2, 0, 2, 0, 0, 0, 2, 0, 1, 3, 1210, 9, 8, 349]","[0.006819590824550527, 0.010539367637941723, 0.014879107253564786, 0.015499070055796652, 0.015499070055796652, 0.016738995660260384, 0.017978921264724116, 0.017978921264724116, 0.019218846869187848, 0.019218846869187848, 0.019218846869187848, 0.019218846869187848, 0.02045877247365158, 0.02045877247365158, 0.021078735275883446, 0.022938623682579044, 0.7730936143831371, 0.7786732796032239, 0.7836329820210788, 1.0]",4.0,2.0,2.0,2.0,2.0,8,-8.87289,8.0,-6.0,hrl_dqn_apf,hierarchical,dqn,-13.902,6.721,-4.380,0.00,0.00,0.00,-13.639,7.246,0.370,0.00,0.00,0.00,-14.961,6.687,-3.445,0.00,0.00,0.00,4.200,4.200,4.200
2026-02-04 13:29:44,37.58,28,375,403,6.95%,86.53,1.74%,"[0, 5, 10, 15, 20, 25, 30, 35, 40, 45, 50, 55, 60, 65, 70, 75, 80, 85, 90, 95, 100]","[11, 5, 9, 2, 0, 1, 3, 0, 1, 0, 0, 0, 2, 0, 0, 3, 1206, 8, 14, 348]","[0.006819590824550527, 0.009919404835709857, 0.015499070055796652, 0.016738995660260384, 0.016738995660260384, 0.01735895846249225, 0.019218846869187848, 0.019218846869187848, 0.019838809671419714, 0.019838809671419714, 0.019838809671419714, 0.019838809671419714, 0.021078735275883446, 0.021078735275883446, 0.021078735275883446, 0.022938623682579044, 0.7706137631742096, 0.7755734655920645, 0.7842529448233106, 1.0]",4.0,2.0,2.0,2.0,2.0,8,-8.87289,8.0,-6.0,hrl_dqn_apf,hierarchical,dqn,-14.666,6.713,-4.380,0.00,0.00,0.00,-12.878,7.238,0.369,0.00,0.00,0.00,-14.198,6.679,-3.445,0.00,0.00,0.00,4.200,4.200,4.200
2026-02-04 13:29:45,38.58,30,375,405,7.41%,86.60,1.86%,"[0, 5, 10, 15, 20, 25, 30, 35, 40, 45, 50, 55, 60, 65, 70, 75, 80, 85, 90, 95, 100]","[10, 7, 9, 1, 1, 2, 4, 0, 1, 0, 0, 0, 2, 0, 0, 1, 1207, 7, 12, 349]","[0.006199628022318661, 0.010539367637941723, 0.016119032858028518, 0.016738995660260384, 0.01735895846249225, 0.018598884066955982, 0.021078735275883446, 0.021078735275883446, 0.02169869807811531, 0.02169869807811531, 0.02169869807811531, 0.02169869807811531, 0.022938623682579044, 0.022938623682579044, 0.022938623682579044, 0.023558586484810913, 0.7718536887786733, 0.7761934283942964, 0.7836329820210788, 1.0]",4.0,2.0,2.0,2.0,2.0,8,-8.87289,8.0,-6.0,hrl_dqn_apf,hierarchical,dqn,-15.432,6.707,-4.380,0.00,0.00,0.00,-12.113,7.232,0.369,0.00,0.00,0.00,-13.432,6.674,-3.445,0.00,0.00,0.00,4.200,4.200,4.200
2026-02-04 13:29:46,39.58,30,375,405,7.41%,86.72,1.86%,"[0, 5, 10, 15, 20, 25, 30, 35, 40, 45, 50, 55, 60, 65, 70, 75, 80, 85, 90, 95, 100]","[11, 7, 7, 4, 1, 0, 4, 0, 0, 1, 0, 0, 2, 0, 1, 1, 1207, 7, 9, 351]","[0.006819590824550527, 0.011159330440173589, 0.015499070055796652, 0.017978921264724116, 0.018598884066955982, 0.018598884066955982, 0.021078735275883446, 0.021078735275883446, 0.021078735275883446, 0.02169869807811531, 0.02169869807811531, 0.02169869807811531, 0.022938623682579044, 0.022938623682579044, 0.023558586484810913, 0.02417854928704278, 0.7724736515809052, 0.7768133911965283, 0.782393056416615, 1.0]",4.0,2.0,2.0,2.0,2.0,8,-8.87289,8.0,-6.0,hrl_dqn_apf,hierarchical,dqn,-16.189,6.704,-4.380,0.00,0.00,0.00,-11.355,7.228,0.369,0.00,0.00,0.00,-12.675,6.670,-3.445,0.00,0.00,0.00,4.200,4.200,4.200
2026-02-04 13:29:47,40.59,33,372,405,8.15%,86.93,2.05%,"[0, 5, 10, 15, 20, 25, 30, 35, 40, 45, 50, 55, 60, 65, 70, 75, 80, 85, 90, 95, 100]","[14, 6, 7, 5, 1, 0, 3, 1, 0, 1, 0, 0, 2, 0, 0, 1, 1199, 14, 9, 350]","[0.008679479231246125, 0.012399256044637322, 0.016738995660260384, 0.019838809671419714, 0.02045877247365158, 0.02045877247365158, 0.022318660880347178, 0.022938623682579044, 0.022938623682579044, 0.023558586484810913, 0.023558586484810913, 0.023558586484810913, 0.024798512089274645, 0.024798512089274645, 0.024798512089274645, 0.02541847489150651, 0.768753874767514, 0.7774333539987601, 0.7830130192188469, 1.0]",4.0,2.0,2.0,2.0,2.0,8,-8.87289,8.0,-6.0,hrl_dqn_apf,hierarchical,dqn,-17.710,6.697,-4.380,0.00,0.00,0.00,-9.835,7.222,0.369,0.00,0.00,0.00,-11.154,6.663,-3.445,0.00,0.00,0.00,4.200,4.200,4.200
2026-02-04 13:29:48,41.59,0,354,354,0.00%,80.00,0.00%,"[0, 5, 10, 15, 20, 25, 30, 35, 40, 45, 50, 55, 60, 65, 70, 75, 80, 85, 90, 95, 100]","[0, 0, 0, 0, 0, 0, 0, 0, 0, 0, 0, 0, 0, 0, 0, 0, 1613, 0, 0, 0]","[0.0, 0.0, 0.0, 0.0, 0.0, 0.0, 0.0, 0.0, 0.0, 0.0, 0.0, 0.0, 0.0, 0.0, 0.0, 0.0, 1.0, 1.0, 1.0, 1.0]",4.0,2.0,2.0,2.0,2.0,8,-8.87289,8.0,-6.0,hrl_dqn_apf,hierarchical,dqn,-18.462,6.694,-4.380,0.00,0.00,0.00,-9.083,7.219,0.369,0.00,0.00,0.00,-10.403,6.660,-3.445,0.00,0.00,0.00,4.200,4.200,4.200
2026-02-04 13:29:49,42.60,0,354,354,0.00%,80.00,0.00%,"[0, 5, 10, 15, 20, 25, 30, 35, 40, 45, 50, 55, 60, 65, 70, 75, 80, 85, 90, 95, 100]","[0, 0, 0, 0, 0, 0, 0, 0, 0, 0, 0, 0, 0, 0, 0, 0, 1613, 0, 0, 0]","[0.0, 0.0, 0.0, 0.0, 0.0, 0.0, 0.0, 0.0, 0.0, 0.0, 0.0, 0.0, 0.0, 0.0, 0.0, 0.0, 1.0, 1.0, 1.0, 1.0]",4.0,2.0,2.0,2.0,2.0,8,-8.87289,8.0,-6.0,hrl_dqn_apf,hierarchical,dqn,-19.223,6.691,-4.380,0.00,0.00,0.00,-8.322,7.216,0.369,0.00,0.00,0.00,-9.642,6.657,-3.445,0.00,0.00,0.00,4.200,4.200,4.200
2026-02-04 13:29:50,43.60,0,354,354,0.00%,80.00,0.00%,"[0, 5, 10, 15, 20, 25, 30, 35, 40, 45, 50, 55, 60, 65, 70, 75, 80, 85, 90, 95, 100]","[0, 0, 0, 0, 0, 0, 0, 0, 0, 0, 0, 0, 0, 0, 0, 0, 1613, 0, 0, 0]","[0.0, 0.0, 0.0, 0.0, 0.0, 0.0, 0.0, 0.0, 0.0, 0.0, 0.0, 0.0, 0.0, 0.0, 0.0, 0.0, 1.0, 1.0, 1.0, 1.0]",4.0,2.0,2.0,2.0,2.0,8,-8.87289,8.0,-6.0,hrl_dqn_apf,hierarchical,dqn,-19.983,6.688,-4.380,0.00,0.00,0.00,-7.562,7.213,0.369,0.00,0.00,0.00,-9.235,6.663,-3.445,0.00,0.00,0.00,4.200,4.200,4.200
2026-02-04 13:29:51,44.61,3,349,352,0.85%,80.00,0.19%,"[0, 5, 10, 15, 20, 25, 30, 35, 40, 45, 50, 55, 60, 65, 70, 75, 80, 85, 90, 95, 100]","[0, 1, 0, 0, 2, 0, 0, 0, 1, 0, 0, 2, 0, 0, 0, 1, 1606, 0, 0, 0]","[0.0, 0.0006199628022318661, 0.0006199628022318661, 0.0006199628022318661, 0.0018598884066955983, 0.0018598884066955983, 0.0018598884066955983, 0.0018598884066955983, 0.0024798512089274642, 0.0024798512089274642, 0.0024798512089274642, 0.0037197768133911966, 0.0037197768133911966, 0.0037197768133911966, 0.0037197768133911966, 0.0043397396156230625, 1.0, 1.0, 1.0, 1.0]",4.0,2.0,2.0,2.0,2.0,8,-8.87289,8.0,-6.0,hrl_dqn_apf,hierarchical,dqn,-21.507,6.682,-4.380,0.00,0.00,0.00,-6.038,7.206,0.369,0.00,0.00,0.00,-7.883,6.664,-3.445,0.00,0.00,0.00,4.200,4.200,4.200
2026-02-04 13:29:52,45.61,5,347,352,1.42%,80.06,0.31%,"[0, 5, 10, 15, 20, 25, 30, 35, 40, 45, 50, 55, 60, 65, 70, 75, 80, 85, 90, 95, 100]","[3, 1, 0, 0, 1, 0, 0, 0, 1, 1, 0, 0, 0, 0, 0, 0, 1606, 0, 0, 0]","[0.0018598884066955983, 0.0024798512089274642, 0.0024798512089274642, 0.0024798512089274642, 0.0030998140111593306, 0.0030998140111593306, 0.0030998140111593306, 0.0030998140111593306, 0.0037197768133911966, 0.0043397396156230625, 0.0043397396156230625, 0.0043397396156230625, 0.0043397396156230625, 0.0043397396156230625, 0.0043397396156230625, 0.0043397396156230625, 1.0, 1.0, 1.0, 1.0]",4.0,2.0,2.0,2.0,2.0,8,-8.87289,8.0,-6.0,hrl_dqn_apf,hierarchical,dqn,-22.270,6.679,-4.380,0.00,0.00,0.00,-5.275,7.203,0.369,0.00,0.00,0.00,-7.130,6.661,-3.445,0.00,0.00,0.00,4.200,4.200,4.200
2026-02-04 13:29:53,46.62,6,347,353,1.70%,80.14,0.37%,"[0, 5, 10, 15, 20, 25, 30, 35, 40, 45, 50, 55, 60, 65, 70, 75, 80, 85, 90, 95, 100]","[3, 1, 1, 0, 1, 0, 0, 0, 3, 1, 0, 0, 1, 0, 0, 0, 1602, 0, 0, 0]","[0.0018598884066955983, 0.0024798512089274642, 0.0030998140111593306, 0.0030998140111593306, 0.0037197768133911966, 0.0037197768133911966, 0.0037197768133911966, 0.0037197768133911966, 0.005579665220086794, 0.006199628022318661, 0.006199628022318661, 0.006199628022318661, 0.006819590824550527, 0.006819590824550527, 0.006819590824550527, 0.006819590824550527, 1.0, 1.0, 1.0, 1.0]",4.0,2.0,2.0,2.0,2.0,8,-8.87289,8.0,-6.0,hrl_dqn_apf,hierarchical,dqn,-23.031,6.639,-4.380,0.00,0.00,0.00,-4.515,7.163,0.369,0.00,0.00,0.00,-6.364,6.618,-3.447,0.00,0.00,0.00,4.200,4.200,4.200
2026-02-04 13:29:54,47.62,8,345,353,2.27%,80.23,0.50%,"[0, 5, 10, 15, 20, 25, 30, 35, 40, 45, 50, 55, 60, 65, 70, 75, 80, 85, 90, 95, 100]","[6, 0, 1, 0, 1, 0, 0, 0, 1, 2, 0, 0, 0, 0, 0, 1, 1601, 0, 0, 0]","[0.0037197768133911966, 0.0037197768133911966, 0.0043397396156230625, 0.0043397396156230625, 0.0049597024178549285, 0.0049597024178549285, 0.0049597024178549285, 0.0049597024178549285, 0.005579665220086794, 0.006819590824550527, 0.006819590824550527, 0.006819590824550527, 0.006819590824550527, 0.006819590824550527, 0.006819590824550527, 0.007439553626782393, 1.0, 1.0, 1.0, 1.0]",4.0,2.0,2.0,2.0,2.0,8,-8.87289,8.0,-6.0,hrl_dqn_apf,hierarchical,dqn,-23.794,6.588,-4.380,0.00,0.00,0.00,-3.752,7.112,0.369,0.00,0.00,0.00,-5.602,6.567,-3.447,0.00,0.00,0.00,4.200,4.200,4.200
2026-02-04 13:29:55,48.62,11,344,355,3.10%,80.40,0.68%,"[0, 5, 10, 15, 20, 25, 30, 35, 40, 45, 50, 55, 60, 65, 70, 75, 80, 85, 90, 95, 100]","[9, 0, 1, 0, 0, 1, 0, 0, 1, 3, 0, 0, 0, 1, 0, 0, 1597, 0, 0, 0]","[0.005579665220086794, 0.005579665220086794, 0.006199628022318661, 0.006199628022318661, 0.006199628022318661, 0.006819590824550527, 0.006819590824550527, 0.006819590824550527, 0.007439553626782393, 0.009299442033477991, 0.009299442033477991, 0.009299442033477991, 0.009299442033477991, 0.009919404835709857, 0.009919404835709857, 0.009919404835709857, 1.0, 1.0, 1.0, 1.0]",4.0,2.0,2.0,2.0,2.0,8,-8.87289,8.0,-6.0,hrl_dqn_apf,hierarchical,dqn,-25.334,6.554,-4.380,0.00,0.00,0.00,-2.211,7.079,0.369,0.00,0.00,0.00,-4.062,6.533,-3.447,0.00,0.00,0.00,4.200,4.200,4.200
2026-02-04 13:29:56,49.62,12,345,357,3.36%,80.47,0.81%,"[0, 5, 10, 15, 20, 25, 30, 35, 40, 45, 50, 55, 60, 65, 70, 75, 80, 85, 90, 95, 100]","[10, 0, 2, 0, 0, 1, 0, 0, 1, 4, 0, 0, 0, 0, 0, 0, 1259, 336, 0, 0]","[0.006199628022318661, 0.006199628022318661, 0.007439553626782393, 0.007439553626782393, 0.007439553626782393, 0.008059516429014259, 0.008059516429014259, 0.008059516429014259, 0.008679479231246125, 0.011159330440173589, 0.011159330440173589, 0.011159330440173589, 0.011159330440173589, 0.011159330440173589, 0.011159330440173589, 0.011159330440173589, 0.791692498450093, 1.0, 1.0, 1.0]",4.0,2.0,2.0,2.0,2.0,8,-8.87289,8.0,-6.0,hrl_dqn_apf,hierarchical,dqn,-26.098,6.548,-4.380,0.00,0.00,0.00,-1.448,7.072,0.368,0.00,0.00,0.00,-3.298,6.527,-3.447,0.00,0.00,0.00,4.200,4.200,4.200
2026-02-04 13:29:57,50.63,12,345,357,3.36%,80.61,0.81%,"[0, 5, 10, 15, 20, 25, 30, 35, 40, 45, 50, 55, 60, 65, 70, 75, 80, 85, 90, 95, 100]","[11, 0, 1, 0, 0, 1, 0, 0, 0, 5, 1, 0, 0, 0, 0, 1, 1257, 336, 0, 0]","[0.006819590824550527, 0.006819590824550527, 0.007439553626782393, 0.007439553626782393, 0.007439553626782393, 0.008059516429014259, 0.008059516429014259, 0.008059516429014259, 0.008059516429014259, 0.011159330440173589, 0.011779293242405457, 0.011779293242405457, 0.011779293242405457, 0.011779293242405457, 0.011779293242405457, 0.012399256044637322, 0.791692498450093, 1.0, 1.0, 1.0]",4.0,2.0,2.0,2.0,2.0,8,-8.87289,8.0,-6.0,hrl_dqn_apf,hierarchical,dqn,-26.858,6.543,-4.380,0.00,0.00,0.00,-0.688,7.068,0.368,0.00,0.00,0.00,-2.538,6.523,-3.447,0.00,0.00,0.00,4.200,4.200,4.200
2026-02-04 13:29:58,51.63,12,349,361,3.32%,80.71,0.93%,"[0, 5, 10, 15, 20, 25, 30, 35, 40, 45, 50, 55, 60, 65, 70, 75, 80, 85, 90, 95, 100]","[10, 3, 1, 0, 0, 1, 0, 0, 0, 4, 1, 0, 0, 0, 0, 0, 1257, 336, 0, 0]","[0.006199628022318661, 0.008059516429014259, 0.008679479231246125, 0.008679479231246125, 0.008679479231246125, 0.009299442033477991, 0.009299442033477991, 0.009299442033477991, 0.009299442033477991, 0.011779293242405457, 0.012399256044637322, 0.012399256044637322, 0.012399256044637322, 0.012399256044637322, 0.012399256044637322, 0.012399256044637322, 0.791692498450093, 1.0, 1.0, 1.0]",4.0,2.0,2.0,2.0,2.0,8,-8.87289,8.0,-6.0,hrl_dqn_apf,hierarchical,dqn,-27.622,6.539,-4.380,0.00,0.00,0.00,0.076,7.064,0.368,0.00,0.00,0.00,-1.775,6.519,-3.447,0.00,0.00,0.00,4.200,4.200,4.200
2026-02-04 13:29:59,52.64,0,354,354,0.00%,80.00,0.00%,"[0, 5, 10, 15, 20, 25, 30, 35, 40, 45, 50, 55, 60, 65, 70, 75, 80, 85, 90, 95, 100]","[0, 0, 0, 0, 0, 0, 0, 0, 0, 0, 0, 0, 0, 0, 0, 0, 1613, 0, 0, 0]","[0.0, 0.0, 0.0, 0.0, 0.0, 0.0, 0.0, 0.0, 0.0, 0.0, 0.0, 0.0, 0.0, 0.0, 0.0, 0.0, 1.0, 1.0, 1.0, 1.0]",4.0,2.0,2.0,2.0,2.0,8,-8.87289,8.0,-6.0,hrl_dqn_apf,hierarchical,dqn,-29.146,6.533,-4.380,0.00,0.00,0.00,1.599,7.058,0.368,0.00,0.00,0.00,-0.251,6.513,-3.447,0.00,0.00,0.00,4.200,4.200,4.200
2026-02-04 13:30:00,53.65,0,354,354,0.00%,80.00,0.00%,"[0, 5, 10, 15, 20, 25, 30, 35, 40, 45, 50, 55, 60, 65, 70, 75, 80, 85, 90, 95, 100]","[0, 0, 0, 0, 0, 0, 0, 0, 0, 0, 0, 0, 0, 0, 0, 0, 1613, 0, 0, 0]","[0.0, 0.0, 0.0, 0.0, 0.0, 0.0, 0.0, 0.0, 0.0, 0.0, 0.0, 0.0, 0.0, 0.0, 0.0, 0.0, 1.0, 1.0, 1.0, 1.0]",4.0,2.0,2.0,2.0,2.0,8,-8.87289,8.0,-6.0,hrl_dqn_apf,hierarchical,dqn,-29.903,6.530,-4.380,0.00,0.00,0.00,2.357,7.055,0.368,0.00,0.00,0.00,0.507,6.510,-3.448,0.00,0.00,0.00,4.200,4.200,4.200
2026-02-04 13:30:02,54.69,0,354,354,0.00%,80.00,0.00%,"[0, 5, 10, 15, 20, 25, 30, 35, 40, 45, 50, 55, 60, 65, 70, 75, 80, 85, 90, 95, 100]","[0, 0, 0, 0, 0, 0, 0, 0, 0, 0, 0, 0, 0, 0, 0, 0, 1613, 0, 0, 0]","[0.0, 0.0, 0.0, 0.0, 0.0, 0.0, 0.0, 0.0, 0.0, 0.0, 0.0, 0.0, 0.0, 0.0, 0.0, 0.0, 1.0, 1.0, 1.0, 1.0]",4.0,2.0,2.0,2.0,2.0,8,-8.87289,8.0,-6.0,hrl_dqn_apf,hierarchical,dqn,-30.544,6.527,-4.380,0.00,0.00,0.00,2.997,7.052,0.368,0.00,0.00,0.00,1.147,6.507,-3.448,0.00,0.00,0.00,4.200,4.200,4.200
2026-02-04 13:30:03,55.77,0,352,352,0.00%,80.07,0.12%,"[0, 5, 10, 15, 20, 25, 30, 35, 40, 45, 50, 55, 60, 65, 70, 75, 80, 85, 90, 95, 100]","[2, 0, 0, 0, 0, 0, 0, 0, 0, 0, 0, 0, 0, 0, 1, 0, 1610, 0, 0, 0]","[0.0012399256044637321, 0.0012399256044637321, 0.0012399256044637321, 0.0012399256044637321, 0.0012399256044637321, 0.0012399256044637321, 0.0012399256044637321, 0.0012399256044637321, 0.0012399256044637321, 0.0012399256044637321, 0.0012399256044637321, 0.0012399256044637321, 0.0012399256044637321, 0.0012399256044637321, 0.0018598884066955983, 0.0018598884066955983, 1.0, 1.0, 1.0, 1.0]",4.0,2.0,2.0,2.0,2.0,8,-8.87289,8.0,-6.0,hrl_dqn_apf,hierarchical,dqn,-31.279,6.524,-4.380,0.00,0.00,0.00,3.732,7.049,0.368,0.00,0.00,0.00,1.882,6.504,-3.448,0.00,0.00,0.00,4.200,4.200,4.200
2026-02-04 13:30:04,56.77,0,352,352,0.00%,80.25,0.12%,"[0, 5, 10, 15, 20, 25, 30, 35, 40, 45, 50, 55, 60, 65, 70, 75, 80, 85, 90, 95, 100]","[2, 0, 0, 0, 0, 0, 0, 0, 0, 0, 0, 0, 0, 0, 1, 0, 1610, 0, 0, 0]","[0.0012399256044637321, 0.0012399256044637321, 0.0012399256044637321, 0.0012399256044637321, 0.0012399256044637321, 0.0012399256044637321, 0.0012399256044637321, 0.0012399256044637321, 0.0012399256044637321, 0.0012399256044637321, 0.0012399256044637321, 0.0012399256044637321, 0.0012399256044637321, 0.0012399256044637321, 0.0018598884066955983, 0.0018598884066955983, 1.0, 1.0, 1.0, 1.0]",4.0,2.0,2.0,2.0,2.0,8,-8.87289,8.0,-6.0,hrl_dqn_apf,hierarchical,dqn,-31.507,6.500,-4.380,0.00,0.00,0.00,3.963,7.048,0.368,0.00,0.00,0.00,2.113,6.503,-3.448,0.00,0.00,0.00,4.200,4.200,4.200
2026-02-04 13:30:05,57.78,0,353,353,0.00%,80.42,0.12%,"[0, 5, 10, 15, 20, 25, 30, 35, 40, 45, 50, 55, 60, 65, 70, 75, 80, 85, 90, 95, 100]","[2, 0, 0, 0, 0, 0, 0, 0, 0, 0, 0, 0, 0, 0, 1, 0, 1610, 0, 0, 0]","[0.0012399256044637321, 0.0012399256044637321, 0.0012399256044637321, 0.0012399256044637321, 0.0012399256044637321, 0.0012399256044637321, 0.0012399256044637321, 0.0012399256044637321, 0.0012399256044637321, 0.0012399256044637321, 0.0012399256044637321, 0.0012399256044637321, 0.0012399256044637321, 0.0012399256044637321, 0.0018598884066955983, 0.0018598884066955983, 1.0, 1.0, 1.0, 1.0]",4.0,2.0,2.0,2.0,2.0,8,-8.87289,8.0,-6.0,hrl_dqn_apf,hierarchical,dqn,-31.935,6.460,-4.380,0.00,0.00,0.00,4.401,7.047,0.368,0.00,0.00,0.00,2.550,6.501,-3.448,0.00,0.00,0.00,4.200,4.200,4.200
2026-02-04 13:30:06,58.79,0,353,353,0.00%,80.57,0.19%,"[0, 5, 10, 15, 20, 25, 30, 35, 40, 45, 50, 55, 60, 65, 70, 75, 80, 85, 90, 95, 100]","[2, 0, 0, 0, 0, 1, 0, 0, 0, 0, 0, 0, 1, 0, 1, 0, 1608, 0, 0, 0]","[0.0012399256044637321, 0.0012399256044637321, 0.0012399256044637321, 0.0012399256044637321, 0.0012399256044637321, 0.0018598884066955983, 0.0018598884066955983, 0.0018598884066955983, 0.0018598884066955983, 0.0018598884066955983, 0.0018598884066955983, 0.0018598884066955983, 0.0024798512089274642, 0.0024798512089274642, 0.0030998140111593306, 0.0030998140111593306, 1.0, 1.0, 1.0, 1.0]",4.0,2.0,2.0,2.0,2.0,8,-8.87289,8.0,-6.0,hrl_dqn_apf,hierarchical,dqn,-32.522,6.402,-4.380,0.00,0.00,0.00,4.995,7.000,0.368,0.00,0.00,0.00,3.145,6.499,-3.448,0.00,0.00,0.00,4.200,4.200,4.200
2026-02-04 13:30:07,59.79,0,355,355,0.00%,80.80,0.31%,"[0, 5, 10, 15, 20, 25, 30, 35, 40, 45, 50, 55, 60, 65, 70, 75, 80, 85, 90, 95, 100]","[4, 0, 0, 1, 0, 0, 0, 0, 0, 0, 1, 0, 0, 0, 1, 0, 1606, 0, 0, 0]","[0.0024798512089274642, 0.0024798512089274642, 0.0024798512089274642, 0.0030998140111593306, 0.0030998140111593306, 0.0030998140111593306, 0.0030998140111593306, 0.0030998140111593306, 0.0030998140111593306, 0.0030998140111593306, 0.0037197768133911966, 0.0037197768133911966, 0.0037197768133911966, 0.0037197768133911966, 0.0043397396156230625, 0.0043397396156230625, 1.0, 1.0, 1.0, 1.0]",4.0,2.0,2.0,2.0,2.0,8,-8.87289,8.0,-6.0,hrl_dqn_apf,hierarchical,dqn,-33.999,6.338,-4.380,0.00,0.00,0.00,6.475,6.933,0.368,0.00,0.00,0.00,4.626,6.493,-3.448,0.00,0.00,0.00,4.200,4.200,4.200
2026-02-04 13:30:08,60.79,0,357,357,0.00%,80.94,0.37%,"[0, 5, 10, 15, 20, 25, 30, 35, 40, 45, 50, 55, 60, 65, 70, 75, 80, 85, 90, 95, 100]","[6, 0, 0, 0, 0, 0, 0, 0, 0, 0, 0, 0, 0, 0, 1, 0, 1254, 352, 0, 0]","[0.0037197768133911966, 0.0037197768133911966, 0.0037197768133911966, 0.0037197768133911966, 0.0037197768133911966, 0.0037197768133911966, 0.0037197768133911966, 0.0037197768133911966, 0.0037197768133911966, 0.0037197768133911966, 0.0037197768133911966, 0.0037197768133911966, 0.0037197768133911966, 0.0037197768133911966, 0.0043397396156230625, 0.0043397396156230625, 0.7817730936143832, 1.0, 1.0, 1.0]",4.0,2.0,2.0,2.0,2.0,8,-8.87289,8.0,-6.0,hrl_dqn_apf,hierarchical,dqn,-34.756,6.327,-4.380,0.00,0.00,0.00,7.233,6.923,0.368,0.00,0.00,0.00,5.383,6.490,-3.448,0.00,0.00,0.00,4.200,4.200,4.200
2026-02-04 13:30:09,61.80,0,357,357,0.00%,81.04,0.43%,"[0, 5, 10, 15, 20, 25, 30, 35, 40, 45, 50, 55, 60, 65, 70, 75, 80, 85, 90, 95, 100]","[6, 1, 0, 0, 0, 0, 0, 1, 0, 0, 0, 0, 0, 0, 1, 0, 1252, 352, 0, 0]","[0.0037197768133911966, 0.0043397396156230625, 0.0043397396156230625, 0.0043397396156230625, 0.0043397396156230625, 0.0043397396156230625, 0.0043397396156230625, 0.0049597024178549285, 0.0049597024178549285, 0.0049597024178549285, 0.0049597024178549285, 0.0049597024178549285, 0.0049597024178549285, 0.0049597024178549285, 0.005579665220086794, 0.005579665220086794, 0.7817730936143832, 1.0, 1.0, 1.0]",4.0,2.0,2.0,2.0,2.0,8,-8.87289,8.0,-6.0,hrl_dqn_apf,hierarchical,dqn,-35.533,6.321,-4.380,0.00,0.00,0.00,8.010,6.916,0.368,0.00,0.00,0.00,6.161,6.487,-3.448,0.00,0.00,0.00,4.200,4.200,4.200
2026-02-04 13:30:10,62.80,0,361,361,0.00%,81.19,0.50%,"[0, 5, 10, 15, 20, 25, 30, 35, 40, 45, 50, 55, 60, 65, 70, 75, 80, 85, 90, 95, 100]","[8, 0, 0, 0, 0, 0, 0, 0, 0, 0, 0, 0, 0, 0, 2, 0, 1251, 352, 0, 0]","[0.0049597024178549285, 0.0049597024178549285, 0.0049597024178549285, 0.0049597024178549285, 0.0049597024178549285, 0.0049597024178549285, 0.0049597024178549285, 0.0049597024178549285, 0.0049597024178549285, 0.0049597024178549285, 0.0049597024178549285, 0.0049597024178549285, 0.0049597024178549285, 0.0049597024178549285, 0.006199628022318661, 0.006199628022318661, 0.7817730936143832, 1.0, 1.0, 1.0]",4.0,2.0,2.0,2.0,2.0,8,-8.87289,8.0,-6.0,hrl_dqn_apf,hierarchical,dqn,-36.293,6.317,-4.380,0.00,0.00,0.00,8.771,6.912,0.368,0.00,0.00,0.00,6.921,6.484,-3.448,0.00,0.00,0.00,4.200,4.200,4.200
2026-02-04 13:30:11,63.80,0,363,363,0.00%,81.44,0.62%,"[0, 5, 10, 15, 20, 25, 30, 35, 40, 45, 50, 55, 60, 65, 70, 75, 80, 85, 90, 95, 100]","[10, 0, 0, 0, 0, 0, 0, 0, 0, 0, 0, 1, 0, 0, 1, 0, 1248, 353, 0, 0]","[0.006199628022318661, 0.006199628022318661, 0.006199628022318661, 0.006199628022318661, 0.006199628022318661, 0.006199628022318661, 0.006199628022318661, 0.006199628022318661, 0.006199628022318661, 0.006199628022318661, 0.006199628022318661, 0.006819590824550527, 0.006819590824550527, 0.006819590824550527, 0.007439553626782393, 0.007439553626782393, 0.7811531308121513, 1.0, 1.0, 1.0]",4.0,2.0,2.0,2.0,2.0,8,-8.87289,8.0,-6.0,hrl_dqn_apf,hierarchical,dqn,-37.816,6.310,-4.380,0.00,0.00,0.00,10.295,6.905,0.368,0.00,0.00,0.00,8.445,6.478,-3.448,0.00,0.00,0.00,4.200,4.200,4.200
2026-02-04 13:30:12,64.81,0,354,354,0.00%,80.00,0.00%,"[0, 5, 10, 15, 20, 25, 30, 35, 40, 45, 50, 55, 60, 65, 70, 75, 80, 85, 90, 95, 100]","[0, 0, 0, 0, 0, 0, 0, 0, 0, 0, 0, 0, 0, 0, 0, 0, 1613, 0, 0, 0]","[0.0, 0.0, 0.0, 0.0, 0.0, 0.0, 0.0, 0.0, 0.0, 0.0, 0.0, 0.0, 0.0, 0.0, 0.0, 0.0, 1.0, 1.0, 1.0, 1.0]",4.0,2.0,2.0,2.0,2.0,8,-8.87289,8.0,-6.0,hrl_dqn_apf,hierarchical,dqn,-38.576,6.307,-4.380,0.00,0.00,0.00,11.055,6.902,0.367,0.00,0.00,0.00,9.205,6.475,-3.448,0.00,0.00,0.00,4.200,4.200,4.200
2026-02-04 13:30:13,65.81,0,354,354,0.00%,80.00,0.00%,"[0, 5, 10, 15, 20, 25, 30, 35, 40, 45, 50, 55, 60, 65, 70, 75, 80, 85, 90, 95, 100]","[0, 0, 0, 0, 0, 0, 0, 0, 0, 0, 0, 0, 0, 0, 0, 0, 1613, 0, 0, 0]","[0.0, 0.0, 0.0, 0.0, 0.0, 0.0, 0.0, 0.0, 0.0, 0.0, 0.0, 0.0, 0.0, 0.0, 0.0, 0.0, 1.0, 1.0, 1.0, 1.0]",4.0,2.0,2.0,2.0,2.0,8,-8.87289,8.0,-6.0,hrl_dqn_apf,hierarchical,dqn,-39.336,6.304,-4.380,0.00,0.00,0.00,11.816,6.899,0.367,0.00,0.00,0.00,9.965,6.472,-3.448,0.00,0.00,0.00,4.200,4.200,4.200
2026-02-04 13:30:14,66.81,0,354,354,0.00%,80.00,0.00%,"[0, 5, 10, 15, 20, 25, 30, 35, 40, 45, 50, 55, 60, 65, 70, 75, 80, 85, 90, 95, 100]","[0, 0, 0, 0, 0, 0, 0, 0, 0, 0, 0, 0, 0, 0, 0, 0, 1613, 0, 0, 0]","[0.0, 0.0, 0.0, 0.0, 0.0, 0.0, 0.0, 0.0, 0.0, 0.0, 0.0, 0.0, 0.0, 0.0, 0.0, 0.0, 1.0, 1.0, 1.0, 1.0]",4.0,2.0,2.0,2.0,2.0,8,-8.87289,8.0,-6.0,hrl_dqn_apf,hierarchical,dqn,-40.096,6.301,-4.380,0.00,0.00,0.00,12.576,6.896,0.367,0.00,0.00,0.00,10.726,6.469,-3.448,0.00,0.00,0.00,4.200,4.200,4.200
2026-02-04 13:30:15,67.81,0,352,352,0.00%,80.07,0.12%,"[0, 5, 10, 15, 20, 25, 30, 35, 40, 45, 50, 55, 60, 65, 70, 75, 80, 85, 90, 95, 100]","[2, 0, 0, 0, 0, 0, 0, 0, 0, 0, 0, 0, 0, 0, 0, 0, 1611, 0, 0, 0]","[0.0012399256044637321, 0.0012399256044637321, 0.0012399256044637321, 0.0012399256044637321, 0.0012399256044637321, 0.0012399256044637321, 0.0012399256044637321, 0.0012399256044637321, 0.0012399256044637321, 0.0012399256044637321, 0.0012399256044637321, 0.0012399256044637321, 0.0012399256044637321, 0.0012399256044637321, 0.0012399256044637321, 0.0012399256044637321, 1.0, 1.0, 1.0, 1.0]",4.0,2.0,2.0,2.0,2.0,8,-8.87289,8.0,-6.0,hrl_dqn_apf,hierarchical,dqn,-41.619,6.295,-4.380,0.00,0.00,0.00,14.100,6.890,0.367,0.00,0.00,0.00,12.249,6.463,-3.449,0.00,0.00,0.00,4.200,4.200,4.200
2026-02-04 13:30:16,68.82,0,352,352,0.00%,80.18,0.19%,"[0, 5, 10, 15, 20, 25, 30, 35, 40, 45, 50, 55, 60, 65, 70, 75, 80, 85, 90, 95, 100]","[2, 0, 1, 0, 0, 0, 0, 0, 1, 0, 0, 0, 0, 0, 0, 0, 1609, 0, 0, 0]","[0.0012399256044637321, 0.0012399256044637321, 0.0018598884066955983, 0.0018598884066955983, 0.0018598884066955983, 0.0018598884066955983, 0.0018598884066955983, 0.0018598884066955983, 0.0024798512089274642, 0.0024798512089274642, 0.0024798512089274642, 0.0024798512089274642, 0.0024798512089274642, 0.0024798512089274642, 0.0024798512089274642, 0.0024798512089274642, 1.0, 1.0, 1.0, 1.0]",4.0,2.0,2.0,2.0,2.0,8,-8.87289,8.0,-6.0,hrl_dqn_apf,hierarchical,dqn,-42.379,6.292,-4.380,0.00,0.00,0.00,14.861,6.887,0.367,0.00,0.00,0.00,13.009,6.460,-3.449,0.00,0.00,0.00,4.200,4.200,4.200
2026-02-04 13:30:17,69.82,0,353,353,0.00%,80.32,0.25%,"[0, 5, 10, 15, 20, 25, 30, 35, 40, 45, 50, 55, 60, 65, 70, 75, 80, 85, 90, 95, 100]","[4, 0, 0, 0, 0, 0, 0, 0, 0, 0, 0, 0, 0, 0, 0, 1, 1608, 0, 0, 0]","[0.0024798512089274642, 0.0024798512089274642, 0.0024798512089274642, 0.0024798512089274642, 0.0024798512089274642, 0.0024798512089274642, 0.0024798512089274642, 0.0024798512089274642, 0.0024798512089274642, 0.0024798512089274642, 0.0024798512089274642, 0.0024798512089274642, 0.0024798512089274642, 0.0024798512089274642, 0.0024798512089274642, 0.0030998140111593306, 1.0, 1.0, 1.0, 1.0]",4.0,2.0,2.0,2.0,2.0,8,-8.87289,8.0,-6.0,hrl_dqn_apf,hierarchical,dqn,-43.142,6.267,-4.380,0.00,0.00,0.00,15.624,6.864,0.367,0.00,0.00,0.00,13.772,6.439,-3.449,0.00,0.00,0.00,4.200,4.200,4.200
2026-02-04 13:30:18,70.82,0,353,353,0.00%,80.42,0.31%,"[0, 5, 10, 15, 20, 25, 30, 35, 40, 45, 50, 55, 60, 65, 70, 75, 80, 85, 90, 95, 100]","[5, 0, 0, 0, 0, 0, 1, 0, 0, 0, 0, 0, 0, 0, 0, 0, 1607, 0, 0, 0]","[0.0030998140111593306, 0.0030998140111593306, 0.0030998140111593306, 0.0030998140111593306, 0.0030998140111593306, 0.0030998140111593306, 0.0037197768133911966, 0.0037197768133911966, 0.0037197768133911966, 0.0037197768133911966, 0.0037197768133911966, 0.0037197768133911966, 0.0037197768133911966, 0.0037197768133911966, 0.0037197768133911966, 0.0037197768133911966, 1.0, 1.0, 1.0, 1.0]",4.0,2.0,2.0,2.0,2.0,8,-8.87289,8.0,-6.0,hrl_dqn_apf,hierarchical,dqn,-43.902,6.207,-4.380,0.00,0.00,0.00,16.384,6.803,0.367,0.00,0.00,0.00,14.532,6.377,-3.449,0.00,0.00,0.00,4.200,4.200,4.200
2026-02-04 13:30:19,71.82,0,355,355,0.00%,80.66,0.50%,"[0, 5, 10, 15, 20, 25, 30, 35, 40, 45, 50, 55, 60, 65, 70, 75, 80, 85, 90, 95, 100]","[7, 0, 0, 1, 0, 0, 0, 0, 0, 0, 0, 0, 0, 0, 0, 0, 1605, 0, 0, 0]","[0.0043397396156230625, 0.0043397396156230625, 0.0043397396156230625, 0.0049597024178549285, 0.0049597024178549285, 0.0049597024178549285, 0.0049597024178549285, 0.0049597024178549285, 0.0049597024178549285, 0.0049597024178549285, 0.0049597024178549285, 0.0049597024178549285, 0.0049597024178549285, 0.0049597024178549285, 0.0049597024178549285, 0.0049597024178549285, 1.0, 1.0, 1.0, 1.0]",4.0,2.0,2.0,2.0,2.0,8,-8.87289,8.0,-6.0,hrl_dqn_apf,hierarchical,dqn,-45.425,6.168,-4.380,0.00,0.00,0.00,17.907,6.763,0.367,0.00,0.00,0.00,16.056,6.336,-3.449,0.00,0.00,0.00,4.200,4.200,4.200
2026-02-04 13:30:20,72.83,0,357,357,0.00%,80.81,0.50%,"[0, 5, 10, 15, 20, 25, 30, 35, 40, 45, 50, 55, 60, 65, 70, 75, 80, 85, 90, 95, 100]","[8, 0, 0, 0, 0, 0, 0, 0, 0, 0, 1, 0, 0, 0, 0, 0, 1252, 352, 0, 0]","[0.0049597024178549285, 0.0049597024178549285, 0.0049597024178549285, 0.0049597024178549285, 0.0049597024178549285, 0.0049597024178549285, 0.0049597024178549285, 0.0049597024178549285, 0.0049597024178549285, 0.0049597024178549285, 0.005579665220086794, 0.005579665220086794, 0.005579665220086794, 0.005579665220086794, 0.005579665220086794, 0.005579665220086794, 0.7817730936143832, 1.0, 1.0, 1.0]",4.0,2.0,2.0,2.0,2.0,8,-8.87289,8.0,-6.0,hrl_dqn_apf,hierarchical,dqn,-46.188,6.161,-4.380,0.00,0.00,0.00,18.670,6.756,0.367,0.00,0.00,0.00,16.819,6.329,-3.449,0.00,0.00,0.00,4.200,4.200,4.200
2026-02-04 13:30:21,73.83,0,357,357,0.00%,80.91,0.62%,"[0, 5, 10, 15, 20, 25, 30, 35, 40, 45, 50, 55, 60, 65, 70, 75, 80, 85, 90, 95, 100]","[10, 0, 0, 0, 0, 0, 0, 0, 0, 0, 0, 0, 0, 0, 0, 0, 1251, 352, 0, 0]","[0.006199628022318661, 0.006199628022318661, 0.006199628022318661, 0.006199628022318661, 0.006199628022318661, 0.006199628022318661, 0.006199628022318661, 0.006199628022318661, 0.006199628022318661, 0.006199628022318661, 0.006199628022318661, 0.006199628022318661, 0.006199628022318661, 0.006199628022318661, 0.006199628022318661, 0.006199628022318661, 0.7817730936143832, 1.0, 1.0, 1.0]",4.0,2.0,2.0,2.0,2.0,8,-8.87289,8.0,-6.0,hrl_dqn_apf,hierarchical,dqn,-46.948,6.156,-4.380,0.00,0.00,0.00,19.431,6.751,0.367,0.00,0.00,0.00,17.580,6.324,-3.449,0.00,0.00,0.00,4.200,4.200,4.200
2026-02-04 13:30:22,74.83,0,361,361,0.00%,81.05,0.62%,"[0, 5, 10, 15, 20, 25, 30, 35, 40, 45, 50, 55, 60, 65, 70, 75, 80, 85, 90, 95, 100]","[10, 0, 0, 0, 0, 0, 1, 0, 0, 0, 0, 0, 0, 1, 0, 0, 1249, 352, 0, 0]","[0.006199628022318661, 0.006199628022318661, 0.006199628022318661, 0.006199628022318661, 0.006199628022318661, 0.006199628022318661, 0.006819590824550527, 0.006819590824550527, 0.006819590824550527, 0.006819590824550527, 0.006819590824550527, 0.006819590824550527, 0.006819590824550527, 0.007439553626782393, 0.007439553626782393, 0.007439553626782393, 0.7817730936143832, 1.0, 1.0, 1.0]",4.0,2.0,2.0,2.0,2.0,8,-8.87289,8.0,-6.0,hrl_dqn_apf,hierarchical,dqn,-47.708,6.152,-4.380,0.00,0.00,0.00,20.191,6.747,0.367,0.00,0.00,0.00,18.340,6.321,-3.449,0.00,0.00,0.00,4.200,4.200,4.200
2026-02-04 13:30:23,75.84,0,363,363,0.00%,81.29,0.81%,"[0, 5, 10, 15, 20, 25, 30, 35, 40, 45, 50, 55, 60, 65, 70, 75, 80, 85, 90, 95, 100]","[12, 0, 0, 1, 0, 0, 0, 0, 0, 0, 1, 0, 0, 0, 0, 0, 1246, 353, 0, 0]","[0.007439553626782393, 0.007439553626782393, 0.007439553626782393, 0.008059516429014259, 0.008059516429014259, 0.008059516429014259, 0.008059516429014259, 0.008059516429014259, 0.008059516429014259, 0.008059516429014259, 0.008679479231246125, 0.008679479231246125, 0.008679479231246125, 0.008679479231246125, 0.008679479231246125, 0.008679479231246125, 0.7811531308121513, 1.0, 1.0, 1.0]",4.0,2.0,2.0,2.0,2.0,8,-8.87289,8.0,-6.0,hrl_dqn_apf,hierarchical,dqn,-49.251,6.146,-4.380,0.00,0.00,0.00,21.735,6.741,0.367,0.00,0.00,0.00,19.884,6.314,-3.449,0.00,0.00,0.00,4.200,4.200,4.200
2026-02-04 13:30:24,76.84,0,354,354,0.00%,80.00,0.00%,"[0, 5, 10, 15, 20, 25, 30, 35, 40, 45, 50, 55, 60, 65, 70, 75, 80, 85, 90, 95, 100]","[0, 0, 0, 0, 0, 0, 0, 0, 0, 0, 0, 0, 0, 0, 0, 0, 1613, 0, 0, 0]","[0.0, 0.0, 0.0, 0.0, 0.0, 0.0, 0.0, 0.0, 0.0, 0.0, 0.0, 0.0, 0.0, 0.0, 0.0, 0.0, 1.0, 1.0, 1.0, 1.0]",4.0,2.0,2.0,2.0,2.0,8,-8.87289,8.0,-6.0,hrl_dqn_apf,hierarchical,dqn,-50.011,6.143,-4.380,0.00,0.00,0.00,22.496,6.738,0.367,0.00,0.00,0.00,20.645,6.311,-3.449,0.00,0.00,0.00,4.200,4.200,4.200
2026-02-04 13:30:25,77.84,0,354,354,0.00%,80.00,0.00%,"[0, 5, 10, 15, 20, 25, 30, 35, 40, 45, 50, 55, 60, 65, 70, 75, 80, 85, 90, 95, 100]","[0, 0, 0, 0, 0, 0, 0, 0, 0, 0, 0, 0, 0, 0, 0, 0, 1613, 0, 0, 0]","[0.0, 0.0, 0.0, 0.0, 0.0, 0.0, 0.0, 0.0, 0.0, 0.0, 0.0, 0.0, 0.0, 0.0, 0.0, 0.0, 1.0, 1.0, 1.0, 1.0]",4.0,2.0,2.0,2.0,2.0,8,-8.87289,8.0,-6.0,hrl_dqn_apf,hierarchical,dqn,-50.774,6.140,-4.380,0.00,0.00,0.00,23.259,6.735,0.366,0.00,0.00,0.00,21.408,6.308,-3.449,0.00,0.00,0.00,4.200,4.200,4.200
2026-02-04 13:30:26,78.84,0,354,354,0.00%,80.00,0.00%,"[0, 5, 10, 15, 20, 25, 30, 35, 40, 45, 50, 55, 60, 65, 70, 75, 80, 85, 90, 95, 100]","[0, 0, 0, 0, 0, 0, 0, 0, 0, 0, 0, 0, 0, 0, 0, 0, 1613, 0, 0, 0]","[0.0, 0.0, 0.0, 0.0, 0.0, 0.0, 0.0, 0.0, 0.0, 0.0, 0.0, 0.0, 0.0, 0.0, 0.0, 0.0, 1.0, 1.0, 1.0, 1.0]",4.0,2.0,2.0,2.0,2.0,8,-8.87289,8.0,-6.0,hrl_dqn_apf,hierarchical,dqn,-51.534,6.137,-4.380,0.00,0.00,0.00,24.020,6.732,0.366,0.00,0.00,0.00,22.169,6.305,-3.449,0.00,0.00,0.00,4.200,4.200,4.200
2026-02-04 13:30:27,79.84,0,352,352,0.00%,80.21,0.12%,"[0, 5, 10, 15, 20, 25, 30, 35, 40, 45, 50, 55, 60, 65, 70, 75, 80, 85, 90, 95, 100]","[2, 0, 0, 0, 0, 0, 0, 0, 0, 0, 0, 2, 0, 1, 0, 0, 1608, 0, 0, 0]","[0.0012399256044637321, 0.0012399256044637321, 0.0012399256044637321, 0.0012399256044637321, 0.0012399256044637321, 0.0012399256044637321, 0.0012399256044637321, 0.0012399256044637321, 0.0012399256044637321, 0.0012399256044637321, 0.0012399256044637321, 0.0024798512089274642, 0.0024798512089274642, 0.0030998140111593306, 0.0030998140111593306, 0.0030998140111593306, 1.0, 1.0, 1.0, 1.0]",4.0,2.0,2.0,2.0,2.0,8,-8.87289,8.0,-6.0,hrl_dqn_apf,hierarchical,dqn,-53.054,6.131,-4.380,0.00,0.00,0.00,25.541,6.726,0.366,0.00,0.00,0.00,23.690,6.299,-3.449,0.00,0.00,0.00,4.168,4.168,4.197
2026-02-04 13:30:28,80.85,0,353,353,0.00%,80.35,0.19%,"[0, 5, 10, 15, 20, 25, 30, 35, 40, 45, 50, 55, 60, 65, 70, 75, 80, 85, 90, 95, 100]","[3, 0, 0, 0, 0, 0, 0, 0, 0, 0, 0, 1, 0, 1, 0, 0, 1608, 0, 0, 0]","[0.0018598884066955983, 0.0018598884066955983, 0.0018598884066955983, 0.0018598884066955983, 0.0018598884066955983, 0.0018598884066955983, 0.0018598884066955983, 0.0018598884066955983, 0.0018598884066955983, 0.0018598884066955983, 0.0018598884066955983, 0.0024798512089274642, 0.0024798512089274642, 0.0030998140111593306, 0.0030998140111593306, 0.0030998140111593306, 1.0, 1.0, 1.0, 1.0]",4.0,2.0,2.0,2.0,2.0,8,-8.87289,8.0,-6.0,hrl_dqn_apf,hierarchical,dqn,-53.687,6.215,-4.380,0.00,0.00,0.00,26.267,6.768,0.421,0.00,0.00,0.00,24.450,6.296,-3.450,0.00,0.00,0.00,4.165,4.165,4.193
2026-02-04 13:30:29,81.85,0,353,353,0.00%,80.51,0.19%,"[0, 5, 10, 15, 20, 25, 30, 35, 40, 45, 50, 55, 60, 65, 70, 75, 80, 85, 90, 95, 100]","[3, 0, 0, 0, 0, 0, 0, 0, 0, 1, 0, 1, 0, 1, 0, 0, 1607, 0, 0, 0]","[0.0018598884066955983, 0.0018598884066955983, 0.0018598884066955983, 0.0018598884066955983, 0.0018598884066955983, 0.0018598884066955983, 0.0018598884066955983, 0.0018598884066955983, 0.0018598884066955983, 0.0024798512089274642, 0.0024798512089274642, 0.0030998140111593306, 0.0030998140111593306, 0.0037197768133911966, 0.0037197768133911966, 0.0037197768133911966, 1.0, 1.0, 1.0, 1.0]",4.0,2.0,2.0,2.0,2.0,4,-5.921060000000001,8.0,-12.0,hrl_dqn_apf,hierarchical,dqn,-53.527,6.305,-4.380,0.00,0.00,0.00,26.776,6.834,0.839,0.00,0.00,0.00,24.978,6.354,-3.602,0.00,0.00,0.00,4.162,4.162,4.191
2026-02-04 13:30:30,82.85,0,353,353,0.00%,80.64,0.25%,"[0, 5, 10, 15, 20, 25, 30, 35, 40, 45, 50, 55, 60, 65, 70, 75, 80, 85, 90, 95, 100]","[4, 0, 0, 0, 0, 0, 0, 0, 0, 0, 0, 1, 0, 2, 0, 0, 1606, 0, 0, 0]","[0.0024798512089274642, 0.0024798512089274642, 0.0024798512089274642, 0.0024798512089274642, 0.0024798512089274642, 0.0024798512089274642, 0.0024798512089274642, 0.0024798512089274642, 0.0024798512089274642, 0.0024798512089274642, 0.0024798512089274642, 0.0030998140111593306, 0.0030998140111593306, 0.0043397396156230625, 0.0043397396156230625, 0.0043397396156230625, 1.0, 1.0, 1.0, 1.0]",4.0,2.0,2.0,2.0,2.0,24,-5.761140000000001,8.0,12.0,hrl_dqn_apf,hierarchical,dqn,-52.943,6.311,-4.380,0.00,0.00,0.00,27.162,6.877,1.450,0.00,0.00,0.00,24.989,6.361,-4.115,0.00,0.00,0.00,4.159,4.159,4.187
2026-02-04 13:30:31,83.85,0,357,357,0.00%,80.96,0.31%,"[0, 5, 10, 15, 20, 25, 30, 35, 40, 45, 50, 55, 60, 65, 70, 75, 80, 85, 90, 95, 100]","[5, 0, 0, 0, 0, 0, 0, 0, 0, 0, 0, 1, 0, 1, 0, 0, 1254, 352, 0, 0]","[0.0030998140111593306, 0.0030998140111593306, 0.0030998140111593306, 0.0030998140111593306, 0.0030998140111593306, 0.0030998140111593306, 0.0030998140111593306, 0.0030998140111593306, 0.0030998140111593306, 0.0030998140111593306, 0.0030998140111593306, 0.0037197768133911966, 0.0037197768133911966, 0.0043397396156230625, 0.0043397396156230625, 0.0043397396156230625, 0.7817730936143832, 1.0, 1.0, 1.0]",4.0,2.0,2.0,2.0,2.0,24,-5.761140000000001,8.0,12.0,hrl_dqn_apf,hierarchical,dqn,-51.485,6.306,-4.380,0.00,0.00,0.00,26.644,7.007,2.053,0.00,0.00,0.00,24.944,6.359,-5.536,0.00,0.00,0.00,4.156,4.156,4.184
2026-02-04 13:30:32,84.86,0,357,357,0.00%,81.07,0.37%,"[0, 5, 10, 15, 20, 25, 30, 35, 40, 45, 50, 55, 60, 65, 70, 75, 80, 85, 90, 95, 100]","[5, 1, 0, 0, 0, 0, 0, 0, 1, 0, 0, 1, 0, 1, 0, 0, 1252, 352, 0, 0]","[0.0030998140111593306, 0.0037197768133911966, 0.0037197768133911966, 0.0037197768133911966, 0.0037197768133911966, 0.0037197768133911966, 0.0037197768133911966, 0.0037197768133911966, 0.0043397396156230625, 0.0043397396156230625, 0.0043397396156230625, 0.0049597024178549285, 0.0049597024178549285, 0.005579665220086794, 0.005579665220086794, 0.005579665220086794, 0.7817730936143832, 1.0, 1.0, 1.0]",4.0,2.0,2.0,2.0,2.0,17,-17.60104,8.0,6.0,hrl_dqn_apf,hierarchical,dqn,-50.737,6.303,-4.380,0.00,0.00,0.00,25.960,7.006,2.100,0.00,0.00,0.00,24.671,6.433,-6.017,0.00,0.00,0.00,4.153,4.153,4.181
2026-02-04 13:30:33,85.86,0,361,361,0.00%,81.21,0.43%,"[0, 5, 10, 15, 20, 25, 30, 35, 40, 45, 50, 55, 60, 65, 70, 75, 80, 85, 90, 95, 100]","[6, 0, 0, 0, 0, 1, 0, 0, 1, 0, 0, 1, 0, 1, 0, 0, 1251, 352, 0, 0]","[0.0037197768133911966, 0.0037197768133911966, 0.0037197768133911966, 0.0037197768133911966, 0.0037197768133911966, 0.0043397396156230625, 0.0043397396156230625, 0.0043397396156230625, 0.0049597024178549285, 0.0049597024178549285, 0.0049597024178549285, 0.005579665220086794, 0.005579665220086794, 0.006199628022318661, 0.006199628022318661, 0.006199628022318661, 0.7817730936143832, 1.0, 1.0, 1.0]",4.0,2.0,2.0,2.0,2.0,6,-23.44016,8.0,-6.0,hrl_dqn_apf,hierarchical,dqn,-49.974,6.300,-4.380,0.00,0.00,0.00,25.216,7.003,2.115,0.00,0.00,0.00,24.061,6.444,-6.180,0.00,0.00,0.00,4.150,4.150,4.178
2026-02-04 13:30:34,86.86,0,365,365,0.00%,81.35,0.43%,"[0, 5, 10, 15, 20, 25, 30, 35, 40, 45, 50, 55, 60, 65, 70, 75, 80, 85, 90, 95, 100]","[7, 0, 0, 0, 0, 0, 0, 0, 1, 1, 0, 1, 0, 1, 0, 0, 1249, 353, 0, 0]","[0.0043397396156230625, 0.0043397396156230625, 0.0043397396156230625, 0.0043397396156230625, 0.0043397396156230625, 0.0043397396156230625, 0.0043397396156230625, 0.0043397396156230625, 0.0049597024178549285, 0.005579665220086794, 0.005579665220086794, 0.006199628022318661, 0.006199628022318661, 0.006819590824550527, 0.006819590824550527, 0.006819590824550527, 0.7811531308121513, 1.0, 1.0, 1.0]",4.0,2.0,2.0,2.0,2.0,6,-23.44016,8.0,-6.0,hrl_dqn_apf,hierarchical,dqn,-49.194,6.296,-4.380,0.00,0.00,0.00,24.441,7.000,2.120,0.00,0.00,0.00,23.323,6.442,-6.231,0.00,0.00,0.00,4.147,4.147,4.175
2026-02-04 13:30:35,87.86,0,365,365,0.00%,81.61,0.56%,"[0, 5, 10, 15, 20, 25, 30, 35, 40, 45, 50, 55, 60, 65, 70, 75, 80, 85, 90, 95, 100]","[9, 0, 0, 0, 0, 0, 0, 1, 1, 0, 0, 1, 0, 1, 0, 0, 1245, 355, 0, 0]","[0.005579665220086794, 0.005579665220086794, 0.005579665220086794, 0.005579665220086794, 0.005579665220086794, 0.005579665220086794, 0.005579665220086794, 0.006199628022318661, 0.006819590824550527, 0.006819590824550527, 0.006819590824550527, 0.007439553626782393, 0.007439553626782393, 0.008059516429014259, 0.008059516429014259, 0.008059516429014259, 0.7799132052076876, 1.0, 1.0, 1.0]",4.0,2.0,2.0,2.0,2.0,17,-17.27999,8.0,6.0,hrl_dqn_apf,hierarchical,dqn,-47.674,6.290,-4.380,0.00,0.00,0.00,22.922,6.993,2.122,0.00,0.00,0.00,21.817,6.436,-6.251,0.00,0.00,0.00,4.144,4.144,4.172
2026-02-04 13:30:36,88.88,0,369,369,0.00%,81.72,0.68%,"[0, 5, 10, 15, 20, 25, 30, 35, 40, 45, 50, 55, 60, 65, 70, 75, 80, 85, 90, 95, 100]","[11, 0, 0, 0, 0, 0, 0, 0, 1, 0, 0, 1, 0, 1, 0, 0, 1242, 7, 350, 0]","[0.006819590824550527, 0.006819590824550527, 0.006819590824550527, 0.006819590824550527, 0.006819590824550527, 0.006819590824550527, 0.006819590824550527, 0.006819590824550527, 0.007439553626782393, 0.007439553626782393, 0.007439553626782393, 0.008059516429014259, 0.008059516429014259, 0.008679479231246125, 0.008679479231246125, 0.008679479231246125, 0.7786732796032239, 0.7830130192188469, 1.0, 1.0]",4.0,2.0,2.0,2.0,2.0,5,-29.11964,8.0,-6.0,hrl_dqn_apf,hierarchical,dqn,-46.911,6.287,-4.380,0.00,0.00,0.00,22.159,6.990,2.123,0.00,0.00,0.00,21.054,6.433,-6.252,0.00,0.00,0.00,4.141,4.141,4.169
2026-02-04 13:30:37,89.88,0,369,369,0.00%,81.86,0.74%,"[0, 5, 10, 15, 20, 25, 30, 35, 40, 45, 50, 55, 60, 65, 70, 75, 80, 85, 90, 95, 100]","[11, 0, 0, 0, 1, 0, 0, 0, 1, 0, 0, 1, 0, 2, 0, 0, 1240, 7, 350, 0]","[0.006819590824550527, 0.006819590824550527, 0.006819590824550527, 0.006819590824550527, 0.007439553626782393, 0.007439553626782393, 0.007439553626782393, 0.007439553626782393, 0.008059516429014259, 0.008059516429014259, 0.008059516429014259, 0.008679479231246125, 0.008679479231246125, 0.009919404835709857, 0.009919404835709857, 0.009919404835709857, 0.7786732796032239, 0.7830130192188469, 1.0, 1.0]",4.0,2.0,2.0,2.0,2.0,5,-29.11964,8.0,-6.0,hrl_dqn_apf,hierarchical,dqn,-46.151,6.284,-4.380,0.00,0.00,0.00,21.398,6.987,2.123,0.00,0.00,0.00,20.294,6.430,-6.253,0.00,0.00,0.00,4.138,4.138,4.166
2026-02-04 13:30:38,90.88,0,369,369,0.00%,81.99,0.81%,"[0, 5, 10, 15, 20, 25, 30, 35, 40, 45, 50, 55, 60, 65, 70, 75, 80, 85, 90, 95, 100]","[13, 0, 0, 0, 0, 0, 0, 0, 1, 0, 0, 1, 0, 1, 0, 0, 1236, 11, 350, 0]","[0.008059516429014259, 0.008059516429014259, 0.008059516429014259, 0.008059516429014259, 0.008059516429014259, 0.008059516429014259, 0.008059516429014259, 0.008059516429014259, 0.008679479231246125, 0.008679479231246125, 0.008679479231246125, 0.009299442033477991, 0.009299442033477991, 0.009919404835709857, 0.009919404835709857, 0.009919404835709857, 0.7761934283942964, 0.7830130192188469, 1.0, 1.0]",4.0,2.0,2.0,2.0,2.0,24,-4.95909,8.0,12.0,hrl_dqn_apf,hierarchical,dqn,-45.403,6.281,-4.380,0.00,0.00,0.00,20.649,6.984,2.123,0.00,0.00,0.00,19.545,6.427,-6.253,0.00,0.00,0.00,4.135,4.135,4.163
2026-02-04 13:30:39,91.88,0,371,371,0.00%,82.25,0.93%,"[0, 5, 10, 15, 20, 25, 30, 35, 40, 45, 50, 55, 60, 65, 70, 75, 80, 85, 90, 95, 100]","[15, 0, 0, 0, 0, 0, 0, 0, 1, 0, 0, 1, 0, 1, 0, 0, 1230, 14, 351, 0]","[0.009299442033477991, 0.009299442033477991, 0.009299442033477991, 0.009299442033477991, 0.009299442033477991, 0.009299442033477991, 0.009299442033477991, 0.009299442033477991, 0.009919404835709857, 0.009919404835709857, 0.009919404835709857, 0.010539367637941723, 0.010539367637941723, 0.011159330440173589, 0.011159330440173589, 0.011159330440173589, 0.7737135771853689, 0.782393056416615, 1.0, 1.0]",4.0,2.0,2.0,2.0,2.0,24,-4.95909,8.0,12.0,hrl_dqn_apf,hierarchical,dqn,-43.888,6.275,-4.380,0.00,0.00,0.00,19.134,6.978,2.123,0.00,0.00,0.00,19.122,6.489,-6.252,0.00,0.00,0.00,4.132,4.132,4.160
2026-02-04 13:30:40,92.89,0,373,373,0.00%,82.41,0.93%,"[0, 5, 10, 15, 20, 25, 30, 35, 40, 45, 50, 55, 60, 65, 70, 75, 80, 85, 90, 95, 100]","[15, 0, 0, 0, 0, 0, 0, 1, 1, 0, 0, 1, 0, 1, 0, 0, 1227, 14, 353, 0]","[0.009299442033477991, 0.009299442033477991, 0.009299442033477991, 0.009299442033477991, 0.009299442033477991, 0.009299442033477991, 0.009299442033477991, 0.009919404835709857, 0.010539367637941723, 0.010539367637941723, 0.010539367637941723, 0.011159330440173589, 0.011159330440173589, 0.011779293242405457, 0.011779293242405457, 0.011779293242405457, 0.7724736515809052, 0.7811531308121513, 1.0, 1.0]",4.0,2.0,2.0,2.0,2.0,7,-16.79906,8.0,-6.0,hrl_dqn_apf,hierarchical,dqn,-43.128,6.272,-4.380,0.00,0.00,0.00,18.373,6.975,2.123,0.00,0.00,0.00,19.124,6.547,-6.252,0.00,0.00,0.00,4.129,4.129,4.157
2026-02-04 13:30:41,93.90,0,373,373,0.00%,82.57,0.99%,"[0, 5, 10, 15, 20, 25, 30, 35, 40, 45, 50, 55, 60, 65, 70, 75, 80, 85, 90, 95, 100]","[16, 0, 0, 0, 0, 0, 0, 0, 1, 0, 0, 1, 0, 1, 0, 0, 1223, 16, 7, 348]","[0.009919404835709857, 0.009919404835709857, 0.009919404835709857, 0.009919404835709857, 0.009919404835709857, 0.009919404835709857, 0.009919404835709857, 0.009919404835709857, 0.010539367637941723, 0.010539367637941723, 0.010539367637941723, 0.011159330440173589, 0.011159330440173589, 0.011779293242405457, 0.011779293242405457, 0.011779293242405457, 0.7699938003719777, 0.7799132052076876, 0.7842529448233106, 1.0]",4.0,2.0,2.0,2.0,2.0,7,-16.79906,8.0,-6.0,hrl_dqn_apf,hierarchical,dqn,-42.414,6.261,-4.380,0.00,0.00,0.00,17.658,6.964,2.123,0.00,0.00,0.00,19.113,6.603,-6.252,0.00,0.00,0.00,4.126,4.126,4.154
2026-02-04 13:30:42,95.42,0,373,373,0.00%,82.73,0.99%,"[0, 5, 10, 15, 20, 25, 30, 35, 40, 45, 50, 55, 60, 65, 70, 75, 80, 85, 90, 95, 100]","[16, 0, 0, 0, 0, 0, 0, 1, 1, 0, 0, 1, 0, 1, 0, 0, 1222, 16, 7, 348]","[0.009919404835709857, 0.009919404835709857, 0.009919404835709857, 0.009919404835709857, 0.009919404835709857, 0.009919404835709857, 0.009919404835709857, 0.010539367637941723, 0.011159330440173589, 0.011159330440173589, 0.011159330440173589, 0.011779293242405457, 0.011779293242405457, 0.012399256044637322, 0.012399256044637322, 0.012399256044637322, 0.7699938003719777, 0.7799132052076876, 0.7842529448233106, 1.0]",4.0,2.0,2.0,2.0,2.0,8,-10.638940000000002,8.0,-6.0,hrl_dqn_apf,hierarchical,dqn,-41.880,6.202,-4.380,0.00,0.00,0.00,17.125,6.905,2.124,0.00,0.00,0.00,19.119,6.660,-6.252,0.00,0.00,0.00,4.121,4.121,4.150
2026-02-04 13:30:43,96.43,0,374,374,0.00%,83.08,1.05%,"[0, 5, 10, 15, 20, 25, 30, 35, 40, 45, 50, 55, 60, 65, 70, 75, 80, 85, 90, 95, 100]","[17, 0, 0, 0, 0, 0, 0, 0, 1, 0, 0, 1, 0, 1, 0, 0, 1222, 10, 12, 349]","[0.010539367637941723, 0.010539367637941723, 0.010539367637941723, 0.010539367637941723, 0.010539367637941723, 0.010539367637941723, 0.010539367637941723, 0.010539367637941723, 0.011159330440173589, 0.011159330440173589, 0.011159330440173589, 0.011779293242405457, 0.011779293242405457, 0.012399256044637322, 0.012399256044637322, 0.012399256044637322, 0.7699938003719777, 0.7761934283942964, 0.7836329820210788, 1.0]",4.0,2.0,2.0,2.0,2.0,8,-10.638940000000002,8.0,-6.0,hrl_dqn_apf,hierarchical,dqn,-41.023,6.123,-4.380,0.00,0.00,0.00,16.268,6.826,2.124,0.00,0.00,0.00,19.124,6.644,-6.252,0.00,0.00,0.00,4.118,4.118,4.147
2026-02-04 13:30:44,97.43,0,378,378,0.00%,83.41,1.12%,"[0, 5, 10, 15, 20, 25, 30, 35, 40, 45, 50, 55, 60, 65, 70, 75, 80, 85, 90, 95, 100]","[18, 0, 0, 0, 0, 0, 0, 0, 1, 0, 0, 1, 0, 1, 0, 0, 1215, 14, 12, 351]","[0.011159330440173589, 0.011159330440173589, 0.011159330440173589, 0.011159330440173589, 0.011159330440173589, 0.011159330440173589, 0.011159330440173589, 0.011159330440173589, 0.011779293242405457, 0.011779293242405457, 0.011779293242405457, 0.012399256044637322, 0.012399256044637322, 0.013019218846869188, 0.013019218846869188, 0.013019218846869188, 0.7662740235585865, 0.7749535027898327, 0.782393056416615, 1.0]",4.0,2.0,2.0,2.0,2.0,19,-4.478339999999999,8.0,6.0,hrl_dqn_apf,hierarchical,dqn,-39.959,6.079,-4.380,0.00,0.00,0.00,15.203,6.782,2.125,0.00,0.00,0.00,19.109,6.698,-6.252,0.00,0.00,0.00,4.115,4.115,4.144
2026-02-04 13:30:45,98.43,0,378,378,0.00%,83.59,1.12%,"[0, 5, 10, 15, 20, 25, 30, 35, 40, 45, 50, 55, 60, 65, 70, 75, 80, 85, 90, 95, 100]","[18, 0, 0, 0, 0, 0, 0, 0, 1, 0, 0, 1, 0, 2, 0, 0, 1214, 10, 14, 353]","[0.011159330440173589, 0.011159330440173589, 0.011159330440173589, 0.011159330440173589, 0.011159330440173589, 0.011159330440173589, 0.011159330440173589, 0.011159330440173589, 0.011779293242405457, 0.011779293242405457, 0.011779293242405457, 0.012399256044637322, 0.012399256044637322, 0.013639181649101054, 0.013639181649101054, 0.013639181649101054, 0.7662740235585865, 0.7724736515809052, 0.7811531308121513, 1.0]",4.0,2.0,2.0,2.0,2.0,19,-4.478339999999999,8.0,6.0,hrl_dqn_apf,hierarchical,dqn,-39.236,6.068,-4.380,0.00,0.00,0.00,14.481,6.771,2.125,0.00,0.00,0.00,19.120,6.746,-6.252,0.00,0.00,0.00,4.112,4.112,4.141
2026-02-04 13:30:46,99.43,0,380,380,0.00%,83.73,1.18%,"[0, 5, 10, 15, 20, 25, 30, 35, 40, 45, 50, 55, 60, 65, 70, 75, 80, 85, 90, 95, 100]","[19, 0, 0, 0, 0, 0, 0, 0, 1, 0, 0, 1, 0, 1, 0, 0, 1214, 8, 16, 353]","[0.011779293242405457, 0.011779293242405457, 0.011779293242405457, 0.011779293242405457, 0.011779293242405457, 0.011779293242405457, 0.011779293242405457, 0.011779293242405457, 0.012399256044637322, 0.012399256044637322, 0.012399256044637322, 0.013019218846869188, 0.013019218846869188, 0.013639181649101054, 0.013639181649101054, 0.013639181649101054, 0.7662740235585865, 0.7712337259764415, 0.7811531308121513, 1.0]",4.0,2.0,2.0,2.0,2.0,24,-4.157579999999999,8.0,12.0,hrl_dqn_apf,hierarchical,dqn,-38.484,6.061,-4.380,0.00,0.00,0.00,13.728,6.764,2.125,0.00,0.00,0.00,19.124,6.801,-6.252,0.00,0.00,0.00,4.109,4.109,4.138
2026-02-04 13:30:47,100.44,0,382,382,0.00%,83.91,1.18%,"[0, 5, 10, 15, 20, 25, 30, 35, 40, 45, 50, 55, 60, 65, 70, 75, 80, 85, 90, 95, 100]","[19, 0, 0, 0, 0, 0, 0, 0, 1, 0, 1, 1, 0, 1, 0, 0, 1212, 9, 16, 353]","[0.011779293242405457, 0.011779293242405457, 0.011779293242405457, 0.011779293242405457, 0.011779293242405457, 0.011779293242405457, 0.011779293242405457, 0.011779293242405457, 0.012399256044637322, 0.012399256044637322, 0.013019218846869188, 0.013639181649101054, 0.013639181649101054, 0.01425914445133292, 0.01425914445133292, 0.01425914445133292, 0.7656540607563547, 0.7712337259764415, 0.7811531308121513, 1.0]",4.0,2.0,2.0,2.0,2.0,24,-4.157579999999999,8.0,12.0,hrl_dqn_apf,hierarchical,dqn,-37.726,6.057,-4.380,0.00,0.00,0.00,12.970,6.760,2.125,0.00,0.00,0.00,19.126,6.857,-6.252,0.00,0.00,0.00,4.106,4.106,4.135
2026-02-04 13:30:48,101.45,0,382,382,0.00%,84.23,1.24%,"[0, 5, 10, 15, 20, 25, 30, 35, 40, 45, 50, 55, 60, 65, 70, 75, 80, 85, 90, 95, 100]","[20, 0, 0, 0, 0, 0, 0, 1, 1, 0, 0, 1, 0, 1, 0, 0, 1209, 11, 8, 361]","[0.012399256044637322, 0.012399256044637322, 0.012399256044637322, 0.012399256044637322, 0.012399256044637322, 0.012399256044637322, 0.012399256044637322, 0.013019218846869188, 0.013639181649101054, 0.013639181649101054, 0.013639181649101054, 0.01425914445133292, 0.01425914445133292, 0.014879107253564786, 0.014879107253564786, 0.014879107253564786, 0.7644141351518909, 0.7712337259764415, 0.7761934283942964, 1.0]",4.0,2.0,2.0,2.0,2.0,24,-3.9977,8.0,12.0,hrl_dqn_apf,hierarchical,dqn,-36.203,6.050,-4.380,0.00,0.00,0.00,11.447,6.753,2.125,0.00,0.00,0.00,18.967,6.976,-6.252,0.00,0.00,0.00,4.103,4.103,4.132
2026-02-04 13:30:49,102.45,0,386,386,0.00%,84.39,1.30%,"[0, 5, 10, 15, 20, 25, 30, 35, 40, 45, 50, 55, 60, 65, 70, 75, 80, 85, 90, 95, 100]","[21, 0, 0, 0, 0, 0, 0, 0, 1, 0, 0, 1, 0, 1, 0, 0, 1207, 7, 14, 361]","[0.013019218846869188, 0.013019218846869188, 0.013019218846869188, 0.013019218846869188, 0.013019218846869188, 0.013019218846869188, 0.013019218846869188, 0.013019218846869188, 0.013639181649101054, 0.013639181649101054, 0.013639181649101054, 0.01425914445133292, 0.01425914445133292, 0.014879107253564786, 0.014879107253564786, 0.014879107253564786, 0.7631742095474272, 0.7675139491630503, 0.7761934283942964, 1.0]",4.0,2.0,2.0,2.0,2.0,14,-3.8370700000000006,8.0,0.0,hrl_dqn_apf,hierarchical,dqn,-35.443,6.047,-4.380,0.00,0.00,0.00,10.687,6.750,2.125,0.00,0.00,0.00,18.408,6.984,-6.251,0.00,0.00,0.00,4.100,4.100,4.129
2026-02-04 13:30:50,103.46,0,388,388,0.00%,84.53,1.36%,"[0, 5, 10, 15, 20, 25, 30, 35, 40, 45, 50, 55, 60, 65, 70, 75, 80, 85, 90, 95, 100]","[21, 0, 0, 0, 1, 0, 0, 1, 1, 0, 0, 1, 0, 1, 0, 0, 1205, 7, 10, 365]","[0.013019218846869188, 0.013019218846869188, 0.013019218846869188, 0.013019218846869188, 0.013639181649101054, 0.013639181649101054, 0.013639181649101054, 0.01425914445133292, 0.014879107253564786, 0.014879107253564786, 0.014879107253564786, 0.015499070055796652, 0.015499070055796652, 0.016119032858028518, 0.016119032858028518, 0.016119032858028518, 0.7631742095474272, 0.7675139491630503, 0.7737135771853689, 1.0]",4.0,2.0,2.0,2.0,2.0,14,-3.8370700000000006,8.0,0.0,hrl_dqn_apf,hierarchical,dqn,-34.680,6.044,-4.380,0.00,0.00,0.00,9.924,6.747,2.125,0.00,0.00,0.00,17.701,6.981,-6.251,0.00,0.00,0.00,4.097,4.097,4.126
2026-02-04 13:30:51,104.47,0,388,388,0.00%,84.68,1.43%,"[0, 5, 10, 15, 20, 25, 30, 35, 40, 45, 50, 55, 60, 65, 70, 75, 80, 85, 90, 95, 100]","[23, 0, 0, 0, 0, 0, 0, 0, 1, 0, 0, 1, 0, 1, 0, 0, 1205, 7, 8, 367]","[0.01425914445133292, 0.01425914445133292, 0.01425914445133292, 0.01425914445133292, 0.01425914445133292, 0.01425914445133292, 0.01425914445133292, 0.01425914445133292, 0.014879107253564786, 0.014879107253564786, 0.014879107253564786, 0.015499070055796652, 0.015499070055796652, 0.016119032858028518, 0.016119032858028518, 0.016119032858028518, 0.7631742095474272, 0.7675139491630503, 0.7724736515809052, 1.0]",4.0,2.0,2.0,2.0,2.0,0,-27.67684,8.0,-12.0,hrl_dqn_apf,hierarchical,dqn,-33.920,6.041,-4.380,0.00,0.00,0.00,9.163,6.744,2.126,0.00,0.00,0.00,16.956,6.978,-6.251,0.00,0.00,0.00,4.094,4.094,4.123
2026-02-04 13:30:52,105.47,0,388,388,0.00%,84.97,1.55%,"[0, 5, 10, 15, 20, 25, 30, 35, 40, 45, 50, 55, 60, 65, 70, 75, 80, 85, 90, 95, 100]","[25, 0, 0, 0, 0, 0, 0, 0, 1, 0, 0, 1, 0, 1, 0, 0, 1195, 14, 9, 367]","[0.015499070055796652, 0.015499070055796652, 0.015499070055796652, 0.015499070055796652, 0.015499070055796652, 0.015499070055796652, 0.015499070055796652, 0.015499070055796652, 0.016119032858028518, 0.016119032858028518, 0.016119032858028518, 0.016738995660260384, 0.016738995660260384, 0.01735895846249225, 0.01735895846249225, 0.01735895846249225, 0.7582145071295723, 0.7668939863608184, 0.7724736515809052, 1.0]",4.0,2.0,2.0,2.0,2.0,22,-15.51653,8.0,12.0,hrl_dqn_apf,hierarchical,dqn,-32.397,6.034,-4.380,0.00,0.00,0.00,7.959,6.752,2.126,0.00,0.00,0.00,15.438,6.971,-6.251,0.00,0.00,0.00,4.091,4.091,4.120
2026-02-04 13:30:53,106.48,0,390,390,0.00%,85.09,1.61%,"[0, 5, 10, 15, 20, 25, 30, 35, 40, 45, 50, 55, 60, 65, 70, 75, 80, 85, 90, 95, 100]","[25, 0, 1, 0, 0, 0, 0, 1, 1, 0, 0, 1, 0, 1, 0, 0, 1193, 14, 9, 367]","[0.015499070055796652, 0.015499070055796652, 0.016119032858028518, 0.016119032858028518, 0.016119032858028518, 0.016119032858028518, 0.016119032858028518, 0.016738995660260384, 0.01735895846249225, 0.01735895846249225, 0.01735895846249225, 0.017978921264724116, 0.017978921264724116, 0.018598884066955982, 0.018598884066955982, 0.018598884066955982, 0.7582145071295723, 0.7668939863608184, 0.7724736515809052, 1.0]",4.0,2.0,2.0,2.0,2.0,22,-15.51653,8.0,12.0,hrl_dqn_apf,hierarchical,dqn,-31.637,6.031,-4.380,0.00,0.00,0.00,7.346,6.756,2.126,0.00,0.00,0.00,14.678,6.968,-6.251,0.00,0.00,0.00,4.088,4.088,4.117
2026-02-04 13:30:54,107.48,0,390,390,0.00%,85.26,1.67%,"[0, 5, 10, 15, 20, 25, 30, 35, 40, 45, 50, 55, 60, 65, 70, 75, 80, 85, 90, 95, 100]","[27, 0, 0, 0, 0, 0, 0, 0, 1, 0, 0, 1, 0, 1, 0, 1, 1188, 14, 7, 373]","[0.016738995660260384, 0.016738995660260384, 0.016738995660260384, 0.016738995660260384, 0.016738995660260384, 0.016738995660260384, 0.016738995660260384, 0.016738995660260384, 0.01735895846249225, 0.01735895846249225, 0.01735895846249225, 0.017978921264724116, 0.017978921264724116, 0.018598884066955982, 0.018598884066955982, 0.019218846869187848, 0.7557346559206448, 0.7644141351518909, 0.768753874767514, 1.0]",4.0,2.0,2.0,2.0,2.0,7,-15.35626,8.0,-6.0,hrl_dqn_apf,hierarchical,dqn,-30.874,6.028,-4.380,0.00,0.00,0.00,6.624,6.754,2.126,0.00,0.00,0.00,13.915,6.965,-6.251,0.00,0.00,0.00,4.085,4.085,4.114
2026-02-04 13:30:55,108.49,0,390,390,0.00%,85.37,1.74%,"[0, 5, 10, 15, 20, 25, 30, 35, 40, 45, 50, 55, 60, 65, 70, 75, 80, 85, 90, 95, 100]","[28, 0, 0, 0, 0, 0, 1, 0, 1, 0, 0, 1, 0, 1, 0, 0, 1185, 16, 7, 373]","[0.01735895846249225, 0.01735895846249225, 0.01735895846249225, 0.01735895846249225, 0.01735895846249225, 0.01735895846249225, 0.017978921264724116, 0.017978921264724116, 0.018598884066955982, 0.018598884066955982, 0.018598884066955982, 0.019218846869187848, 0.019218846869187848, 0.019838809671419714, 0.019838809671419714, 0.019838809671419714, 0.7544947303161811, 0.7644141351518909, 0.768753874767514, 1.0]",4.0,2.0,2.0,2.0,2.0,18,-9.19622,8.0,6.0,hrl_dqn_apf,hierarchical,dqn,-30.113,6.025,-4.380,0.00,0.00,0.00,5.867,6.752,2.127,0.00,0.00,0.00,13.354,6.967,-6.250,0.00,0.00,0.00,4.082,4.082,4.111
2026-02-04 13:30:56,109.49,0,391,391,0.00%,85.67,1.86%,"[0, 5, 10, 15, 20, 25, 30, 35, 40, 45, 50, 55, 60, 65, 70, 75, 80, 85, 90, 95, 100]","[29, 0, 0, 1, 0, 0, 1, 0, 1, 0, 0, 1, 0, 1, 0, 0, 1183, 10, 12, 374]","[0.017978921264724116, 0.017978921264724116, 0.017978921264724116, 0.018598884066955982, 0.018598884066955982, 0.018598884066955982, 0.019218846869187848, 0.019218846869187848, 0.019838809671419714, 0.019838809671419714, 0.019838809671419714, 0.02045877247365158, 0.02045877247365158, 0.021078735275883446, 0.021078735275883446, 0.021078735275883446, 0.7544947303161811, 0.7606943583384997, 0.7681339119652821, 1.0]",4.0,2.0,2.0,2.0,2.0,18,-9.19622,8.0,6.0,hrl_dqn_apf,hierarchical,dqn,-28.578,6.019,-4.380,0.00,0.00,0.00,4.336,6.746,2.128,0.00,0.00,0.00,12.127,6.978,-6.250,0.00,0.00,0.00,4.079,4.079,4.107
2026-02-04 13:30:57,110.49,0,393,393,0.00%,85.83,1.92%,"[0, 5, 10, 15, 20, 25, 30, 35, 40, 45, 50, 55, 60, 65, 70, 75, 80, 85, 90, 95, 100]","[31, 0, 0, 0, 0, 0, 0, 0, 1, 0, 0, 1, 0, 1, 0, 0, 1183, 8, 14, 374]","[0.019218846869187848, 0.019218846869187848, 0.019218846869187848, 0.019218846869187848, 0.019218846869187848, 0.019218846869187848, 0.019218846869187848, 0.019218846869187848, 0.019838809671419714, 0.019838809671419714, 0.019838809671419714, 0.02045877247365158, 0.02045877247365158, 0.021078735275883446, 0.021078735275883446, 0.021078735275883446, 0.7544947303161811, 0.759454432734036, 0.7681339119652821, 1.0]",4.0,2.0,2.0,2.0,2.0,4,-3.03613,8.0,-12.0,hrl_dqn_apf,hierarchical,dqn,-27.843,6.016,-4.380,0.00,0.00,0.00,3.601,6.743,2.128,0.00,0.00,0.00,11.411,6.975,-6.250,0.00,0.00,0.00,4.076,4.076,4.105
2026-02-04 13:30:58,111.50,0,395,395,0.00%,85.95,1.98%,"[0, 5, 10, 15, 20, 25, 30, 35, 40, 45, 50, 55, 60, 65, 70, 75, 80, 85, 90, 95, 100]","[31, 1, 0, 0, 0, 0, 0, 0, 1, 1, 0, 2, 0, 1, 0, 0, 1174, 14, 14, 374]","[0.019218846869187848, 0.019838809671419714, 0.019838809671419714, 0.019838809671419714, 0.019838809671419714, 0.019838809671419714, 0.019838809671419714, 0.019838809671419714, 0.02045877247365158, 0.021078735275883446, 0.021078735275883446, 0.022318660880347178, 0.022318660880347178, 0.022938623682579044, 0.022938623682579044, 0.022938623682579044, 0.7507749535027899, 0.759454432734036, 0.7681339119652821, 1.0]",4.0,2.0,2.0,2.0,2.0,4,-3.03613,8.0,-12.0,hrl_dqn_apf,hierarchical,dqn,-27.102,6.013,-4.380,0.00,0.00,0.00,2.861,6.740,2.128,0.00,0.00,0.00,10.963,6.989,-6.497,0.00,0.00,0.00,4.075,4.075,4.103
